{
  "succeeded": true,
  "data": {
      "summary": {
          "recordid": 1304182,
          "mhid": "test-mhid",
          "isbn13": "test-isbn",
          "previousISBN": "test_pd_4_123",
          "newISBN": "test_pd_4_000",
          "author": "test prax",
          "title": "testing api part 1",
          "edition": 3,
          "priority": "test high",
          "owningDivision": "test owndiv",
          "owningSubDivision": "test own subdiv",
          "copyrightYear": 2022,
          "boundBookDate": "2022-11-20",
          "permissionEndDate": "2022-11-20",
          "projectOPDate": "2022-11-20",
          "deliveryFormat": "test delivery format 2",
          "titleTypeDesc": "test title desc 2",
          "gradeRange": "13 - 17",
          "specificMarket": "testing market",
          "ipubPublishingGroup": "prax_grp_3",
          "ipubProgrammingTitle": "                                       ",
          "noOfPages": 50,
          "comments": "\nfgdhyfh\ntesting comment;fdg\ntesting api update;\ntesting done by prakriti_de;\nPusti, Shuvendu 2022-9-2 15:20:47\ntestdfgdfg\ntest123dfgdfg\nkhfuhsjkdhf\nPusti, Shuvendu 2022-9-2 19:57:17\ntest123"
      },
      "details": {
          "associatedid": 10863,
          "recordid": 1304182,
          "productTitle": "testing product title from postman - 11",
          "archivist": {
              "lovid": 1005,
              "lovType": "ARCHIVIST",
              "lovCode": "ARCHIVIST-MHSE",
              "description": "April Cleland",
              "valueField": null,
              "enabled": "N",
              "orderSeq": 6
          },
          "compositorVendor": {
              "lovid": 4002,
              "lovType": "COMPOSITOR_VENDOR",
              "lovCode": "COMPOSITOR_VENDOR-MHHE",
              "description": "Hurix",
              "valueField": null,
              "enabled": "Y",
              "orderSeq": 3,
              "otherValue": null
          },
          "downloadReceivedDate": "2022-05-18",
          "archivedDate": "2022-05-18",
          "storageLocation": {
              "lovid": 49012,
              "lovType": "STORAGE_LOCATION",
              "lovCode": "STORAGE_LOCATION-ALL",
              "description": "Warehouse",
              "valueField": null,
              "enabled": "Y",
              "orderSeq": 13
          },
          "libraryLocation": "testing product title from postman - 11",
          "printingVersion": 0,
          "reprintContact": {
              "lovid": 40004,
              "lovType": "REPRINT_CONTACT",
              "lovCode": "REPRINT_CONTACT-MHSE",
              "description": "Megan Milano",
              "valueField": null,
              "enabled": "Y",
              "orderSeq": 5,
              "otherValue": null
          },
          "pagingFilesList": [
              {
                  "lovid": 31000,
                  "lovType": "PAGINGFILES",
                  "lovCode": "PAGINGFILES-MHHE",
                  "description": "InDesign",
                  "valueField": null,
                  "enabled": "Y",
                  "orderSeq": 1,
                  "otherValue": null
              },
              {
                  "lovid": 31005,
                  "lovType": "PAGINGFILES",
                  "lovCode": "PAGINGFILES-ALL",
                  "description": "Other",
                  "valueField": null,
                  "enabled": "Y",
                  "orderSeq": 6,
                  "otherValue": "testing paging files from postman - 01"
              }
          ],
          "otherFilesList": [
              {
                  "lovid": 25000,
                  "lovType": "OTHERFILES",
                  "lovCode": "OTHERFILES-ALL",
                  "description": "Cover/Design",
                  "valueField": null,
                  "enabled": "Y",
                  "orderSeq": 2,
                  "otherValue": null
              },
              {
                  "lovid": 25001,
                  "lovType": "OTHERFILES",
                  "lovCode": "OTHERFILES-ALL",
                  "description": "Images",
                  "valueField": null,
                  "enabled": "Y",
                  "orderSeq": 3,
                  "otherValue": null
              }
          ],
          "pdfsList": [
              {
                  "lovid": 34001,
                  "lovType": "PDFS",
                  "lovCode": "PDFS-ALL",
                  "description": "Printer PDFs",
                  "valueField": null,
                  "enabled": "Y",
                  "orderSeq": 2
              }
          ],
          "productNotes": "testing product notes from postman - 01",
          "createdDate": "2022-05-25",
          "createdBy": "Prakriti De",
          "modifiedDate": "2022-09-07",
          "modifiedBy": null
      }
  },
  "message": "Associated Record Fetched Successfully with isbn13==>test-isbn"
}
