{
  "succeeded": true,
  "data": {
      "summary": {
          "recordid": 2730817,
          "mhid": "test-mhid2",
          "isbn13": "test-isbn2",
          "previousISBN": "test_pd_4_123",
          "newISBN": "test_pd_4_000",
          "author": "test prax",
          "title": "testing api part 1",
          "edition": 3,
          "priority": "test high",
          "owningDivision": "test owndiv",
          "owningSubDivision": "test own subdiv",
          "copyrightYear": 2022,
          "boundBookDate": "2022-11-20",
          "permissionEndDate": "2022-11-20",
          "projectOPDate": "2022-11-20",
          "deliveryFormat": "test delivery format 2",
          "titleTypeDesc": "test title desc 2",
          "gradeRange": "13 - 17",
          "specificMarket": "testing market",
          "ipubPublishingGroup": "                    ",
          "ipubProgrammingTitle": " ",
          "noOfPages": 50,
          "comments": "testing comment;\ntesting api update;\ntesting done by prakriti_de;"
      },
      "details": null
  },
  "message": "Nimas Record Fetched Successfully with mhid==>test-mhid2"
}
