{
  "succeeded": true,
  "data": {
      "summary": {
          "recordid": 1304182,
          "mhid": "test-mhid",
          "isbn13": "test-isbn",
          "previousISBN": "test_pd_4_123",
          "newISBN": "test_pd_4_000",
          "author": "test prax",
          "title": "testing api part 1",
          "edition": 3,
          "priority": "test high",
          "owningDivision": "test owndiv",
          "owningSubDivision": "test own subdiv",
          "copyrightYear": 2022,
          "boundBookDate": "2022-11-20",
          "permissionEndDate": "2022-11-20",
          "projectOPDate": "2022-11-20",
          "deliveryFormat": "test delivery format 2",
          "titleTypeDesc": "test title desc 2",
          "gradeRange": "13 - 17",
          "specificMarket": "testing market",
          "ipubPublishingGroup": "test",
          "ipubProgrammingTitle": "t e s t",
          "noOfPages": 50,
          "comments": "\nfgdhyfh\ntesting comment;fdg\ntesting api update;\ntesting done by prakriti_de;\nPusti, Shuvendu 2022-9-2 15:20:47\ntestdfgdfg\ntest123dfgdfg\nkhfuhsjkdhf\nPusti, Shuvendu 2022-9-2 19:57:17\ntest123\nDe, Prakriti 2022-9-13 20:59:10\ntest\ntest2"
      },
      "details": {
          "nimasid": 19700,
          "recordid": 1304182,
          "archivist": {
              "lovid": 1003,
              "lovType": "ARCHIVIST",
              "lovCode": "ARCHIVIST-MHSE",
              "description": "Andy Backs",
              "valueField": null,
              "enabled": "Y",
              "orderSeq": 4
          },
          "coordinator": {
              "lovid": 10003,
              "lovType": "COORDINATOR",
              "lovCode": "COORDINATOR-MHSE",
              "description": "Jessica Solomon",
              "valueField": null,
              "enabled": "Y",
              "orderSeq": 4
          },
          "nimasCertNumber": "Testing NimasCertNumber part4",
          "nimasCertReceivedDate": "2022-06-19",
          "nimasConvVendor": {
              "lovid": 7003,
              "lovType": "CONV_VENDOR",
              "lovCode": "CONV_VENDOR-MHSE",
              "description": "Quad Graphics",
              "valueField": null,
              "enabled": "Y",
              "orderSeq": 4,
              "otherValue": null,
              "filesSentDate": "2022-06-19"
          },
          "nimasDescVendor": {
              "lovid": 16004,
              "lovType": "DESC_VENDOR",
              "lovCode": "DESC_VENDOR-MHSE",
              "description": "Other",
              "valueField": null,
              "enabled": "Y",
              "orderSeq": 5,
              "otherValue": "Testing Desc Vendor Other",
              "filesSentDate": "2022-06-17"
          },
          "notes": "Testing Nimas creation on 09-June-2022",
          "createdDate": "2022-08-17",
          "createdBy": "De, Prakriti",
          "modifiedDate": "2022-08-17",
          "modifiedBy": "De, Prakriti"
      }
  },
  "message": "Nimas Record Fetched Successfully with mhid==>test-mhid"
}
