#TYPE System.Management.Automation.PSCustomObject
"id","name","data"
"1","Google Pixel 6 Pro","@{color=Cloudy White; capacity=128 GB}"
"2","Apple iPhone 12 Mini, 256GB, Blue",
"3","Apple iPhone 12 Pro Max","@{color=Cloudy White; capacity GB=512}"
"4","Apple iPhone 11, 64GB","@{price=389.99; color=Purple}"
"5","Samsung Galaxy Z Fold2","@{price=689.99; color=Brown}"
"6","Apple AirPods","@{generation=3rd; price=120}"
"7","Apple MacBook Pro 16","@{year=2019; price=1849.99; CPU model=Intel Core i9; Hard disk size=1 TB}"
"8","Apple Watch Series 8","@{Strap Colour=Elderberry; Case Size=41mm}"
"9","Beats Studio3 Wireless","@{Color=Red; Description=High-performance wireless noise cancelling headphones}"
"10","Apple iPad Mini 5th Gen","@{Capacity=64 GB; Screen size=7.9}"
"11","Apple iPad Mini 5th Gen","@{Capacity=254 GB; Screen size=7.9}"
"12","Apple iPad Air","@{Generation=4th; Price=419.99; Capacity=64 GB}"
"13","Apple iPad Air","@{Generation=4th; Price=519.99; Capacity=256 GB}"
