[
    { "question": "What is Angular Framework?" },
    { "question": "What is the difference between AngularJS and Angular?" },
    {"question":"What is TypeScript?"},
    {"question":"Write a pictorial diagram of Angular architecture?"},
    {"question":"What are the key components of Angular?"},
    {"question":"What are directives?"},
    {"question":"What are components?"},
    {"question":"What are the differences between Component and Directive?"},
    {"question":"What is a template?"},
    {"question":"What is a module?"},
    {"question":"What are lifecycle hooks available?"},
    {"question":"What is a data binding?"},
    {"question":"What is metadata?"},
    {"question":"What is Angular CLI?"},
    {"question":"What is the difference between constructor and ngOnInit?"},
    {"question":"What is a service"},
    {"question":"What is dependency injection in Angular?"},
    {"question":"How is Dependency Hierarchy formed?"},
    {"question":"What is the purpose of async pipe?"},
    {"question":"What is the option to choose between inline and external template file?"},
    {"question":"What is the purpose of *ngFor directive?"},
    {"question":"What is the purpose of ngIf directive?"},
    {"question":"What happens if you use script tag inside template?"},
    {"question":"What is interpolation?"},
    {"question":"What are template expressions?"},
    {"question":"What are template statements?"},
    {"question":"How do you categorize data binding types?"},
    {"question":"What are pipes?"},
    {"question":"What is a parameterized pipe?"},
    {"question":"How do you chain pipes?"},
    {"question":"What is a custom pipe?"},
    {"question":"Give an example of custom pipe?"},
    {"question":"What is the difference between pure and impure pipe?"},
    {"question":"What is a bootstrapping module?"},
    {"question":"What are observables?"},
    {"question":"What is HttpClient and its benefits?"},
    {"question":"Explain on how to use HttpClient with an example?"},
    
{"question":"How can you read full response?"},
{"question":"How do you perform Error handling?"},
{"question":"What is RxJS?"},
{"question":"What is subscribing?"},
{"question":"What is an observable?"},
{"question":"What is an observer?"},
{"question":"What is the difference between promise and observable?"},
{"question":"What is multicasting?"},
{"question":"How do you perform error handling in observables?"},
{"question":"What is the short hand notation for subscribe method?"},
{"question":"What are the utility functions provided by RxJS?"},
{"question":"What are observable creation functions?"},
{"question":"What will happen if you do not supply handler for observer?"},
{"question":"What are angular elements?"},
{"question":"What is the browser support of Angular Elements?"},
{"question":"What are custom elements?"},
{"question":"Do I need to bootstrap custom elements?"},
{"question":"Explain how custom elements works internally?"},
{"question":"How to transfer components to custom elements?"},
{"question":"What are the mapping rules between Angular component and custom element?"},
{"question":"How do you define typings for custom elements?"},
{"question":"What are dynamic components?"},
{"question":"What are the various kinds of directives?"},
{"question":"How do you create directives using CLI?"},
{"question":"Give an example for attribute directives?"},
{"question":"What is Angular Router?"},
{"question":"What is the purpose of base href tag?"},
{"question":"What are the router imports?"},
{"question":"What is router outlet?"},
{"question":"What are router links?"},
{"question":"What are active router links?"},
{"question":"What is router state?"},
{"question":"What are router events?"},
{"question":"What is activated route?"},
{"question":"How do you define routes?"},
{"question":"What is the purpose of Wildcard route?"},
{"question":"Do I need a Routing Module always?"},
{"question":"What is Angular Universal?"},
{"question":"What are different types of compilation in Angular?"},
{"question":"What is JIT?"},
{"question":"What is AOT?"},
{"question":"Why do we need compilation process?"},
{"question":"What are the advantages with AOT?"},
{"question":"What are the ways to control AOT compilation?"},
{"question":"What are the restrictions of metadata?"},
{"question":"What are the three phases of AOT?"},
{"question":"Can I use arrow functions in AOT?"},
{"question":"What is the purpose of metadata json files?"},
{"question":"Can I use any javascript feature for expression syntax in AOT?"},
{"question":"What is folding?"},
{"question":"What are macros?"},
{"question":"Give an example of few metadata errors?"},
{"question":"What is metadata rewriting?"},
{"question":"How do you provide configuration inheritance?"},
{"question":"How do you specify angular template compiler options?"},
{"question":"How do you enable binding expression validation?"},
{"question":"What is the purpose of any type cast function?"},
{"question":"What is Non null type assertion operator?"},
{"question":"What is type narrowing?"},
{"question":"How do you describe various dependencies in angular application?"},
{"question":"What is zone?"},
{"question":"What is the purpose of common module?"},
{"question":"What is codelyzer?"},
{"question":"What is angular animation?"},
{"question":"What are the steps to use animation module?"},
{"question":"What is State function?"},
{"question":"What is Style function?"},
{"question":"What is the purpose of animate function?"},
{"question":"What is transition function?"},
{"question":"How to inject the dynamic script in angular?"},
{"question":"What is a service worker and its role in Angular?"},
{"question":"What are the design goals of service workers?"},
{"question":"What are the differences between AngularJS and Angular with respect to dependency injection?"},
{"question":"What is Angular Ivy?"},
{"question":"What are the features included in ivy preview?"},
{"question":"Can I use AOT compilation with Ivy?"},
{"question":"What is Angular Language Service?"},
{"question":"How do you install angular language service in the project?"},
{"question":"Is there any editor support for Angular Language Service?"},
{"question":"Explain the features provided by Angular Language Service?"},
{"question":"How do you add web workers in your application?"},
{"question":"What are the limitations with web workers?"},
{"question":"What is Angular CLI Builder?"},
{"question":"What is a builder?"},
{"question":"How do you invoke a builder?"},
{"question":"How do you create app shell in Angular?"},
{"question":"What are the case types in Angular?"},
{"question":"What are the class decorators in Angular?"},
{"question":"What are class field decorators?"},
{"question":"What is declarable in Angular?"},
{"question":"What are the restrictions on declarable classes?"},
{"question":"What is a DI token?"},
{"question":"What is Angular DSL?"},
{"question":"What is an rxjs Subject?"},
{"question":"What is Bazel tool?"},
{"question":"What are the advantages of Bazel tool?"},
{"question":"How do you use Bazel with Angular CLI?"},
{"question":"How do you run Bazel directly?"},
{"question":"What is platform in Angular?"},
{"question":"What happens if I import the same module twice?"},
{"question":"How do you select an element with in a component template?"},
{"question":"How do you detect route change in Angular?"},
{"question":"How do you pass headers for HTTP client?"},
{"question":"What is the purpose of differential loading in CLI?"},
{"question":"Is Angular supports dynamic imports?"},
{"question":"What is lazy loading?"},
{"question":"What are workspace APIs?"},
{"question":"How do you upgrade angular version?"},
{"question":"What is Angular Material?"},
{"question":"How do you upgrade location service of angularjs?"},
{"question":"What is NgUpgrade?"},
{"question":"How do you test Angular application using CLI?"},
{"question":"How to use polyfills in Angular application?"},
{"question":"What are the ways to trigger change detection in Angular?"},
{"question":"What are the differences of various versions of Angular?"},
{"question":"What are the security principles in angular?"},
{"question":"What is the reason to deprecate Web Tracing Framework?"},
{"question":"What is the reason to deprecate web worker packages?"},
{"question":"How do you find angular CLI version?"},
{"question":"What is the browser support for Angular?"},
{"question":"What is schematic"},
{"question":"What is rule in Schematics?"},
{"question":"What is Schematics CLI?"},
{"question":"What are the best practices for security in angular?"},
{"question":"What is Angular security model for preventing XSS attacks?"},
{"question":"What is the role of template compiler for prevention of XSS attacks?"},
{"question":"What are the various security contexts in Angular?"},
{"question":"What is Sanitization? Is angular supports it?"},
{"question":"What is the purpose of innerHTML?"},
{"question":"What is the difference between interpolated content and innerHTML?"},
{"question":"How do you prevent automatic sanitization?"},
{"question":"Is safe to use direct DOM API methods in terms of security?"},
{"question":"What is DOM sanitizer?"},
{"question":"How do you support server side XSS protection in Angular application?"},
{"question":"Is angular prevents http level vulnerabilities?"},
{"question":"What are Http Interceptors?"},
{"question":"What are the applications of HTTP interceptors?"},
{"question":"Is multiple interceptors supported in Angular?"},
{"question":"How can I use interceptor for an entire application?"},
{"question":"How does Angular simplifies Internationalization?"},
{"question":"How do you manually register locale data?"},
{"question":"What are the four phases of template translation?"},
{"question":"What is the purpose of i18n attribute?"},
{"question":"What is the purpose of custom id?"},
{"question":"What happens if the custom id is not unique?"},
{"question":"Can I translate text without creating an element?"},
{"question":"How can I translate attribute?"},
{"question":"List down the pluralization categories?"},
{"question":"What is select ICU expression?"},
{"question":"How do you report missing translations?"},
{"question":"How do you provide build configuration for multiple locales?"},
{"question":"What is an angular library?"},
{"question":"What is AOT compiler?"},
{"question":"How do you select an element in component template?"},
{"question":"What is TestBed?"},
{"question":"What is protractor?"},
{"question":"What is collection?"},
{"question":"How do you create schematics for libraries?"},
{"question":"How do you use jquery in Angular?"},
{"question":"What is the reason for No provider for HTTP exception?"},
{"question":"What is router state?"},
{"question":"How can I use SASS in angular project?"},
{"question":"What is the purpose of hidden property?"},
{"question":"What is the difference between ngIf and hidden property?"},
{"question":"What is slice pipe?"},
{"question":"What is index property in ngFor directive?"},
{"question":"What is the purpose of ngFor trackBy?"},
{"question":"What is the purpose of ngSwitch directive?"},
{"question":"Is it possible to do aliasing for inputs and outputs?"},
{"question":"What is safe navigation operator?"},
{"question":"Is any special configuration required for Angular9?"},
{"question":"What are type safe TestBed API changes in Angular9?"},
{"question":"Is mandatory to pass static flag for ViewChild?"},
{"question":"What are the list of template expression operators?"},
{"question":"What is the precedence between pipe and ternary operators?"},
{"question":"What is an entry component?"},
{"question":"What is a bootstrapped component?"},
{"question":"How do you manually bootstrap an application?"},
{"question":"Is it necessary for bootstrapped component to be entry component?"},
{"question":"What is a routed entry component?"},
{"question":"Why is not necessary to use entryComponents array every time?"},
{"question":"Do I still need to use entryComponents array in Angular9?"},
{"question":"Is it all components generated in production build?"},
{"question":"What is Angular compiler?"},
{"question":"What is the role of ngModule metadata in compilation process?"},
{"question":"How does angular finds components, directives and pipes?"},
{"question":"Give few examples for NgModules?"},
{"question":"What are feature modules?"},
{"question":"What are the imported modules in CLI generated feature modules?"},
{"question":"What are the differences between ngmodule and javascript module?"},
{"question":"What are the possible errors with declarations?"},
{"question":"What are the steps to use declaration elements?"},
{"question":"What happens if browserModule used in feature module?"},
{"question":"What are the types of feature modules?"},
{"question":"What is a provider?"},
{"question":"What is the recommendation for provider scope?"},
{"question":"How do you restrict provider scope to a module?"},
{"question":"How do you provide a singleton service?"},
{"question":"What are the different ways to remove duplicate service registration?"},
{"question":"How does forRoot method helpful to avoid duplicate router instances?"},
{"question":"What is a shared module?"},
{"question":"Can I share services using modules?"},
{"question":"How do you get current direction for locales??"},
{"question":"What is ngcc?"},
{"question":"What classes should not be added to declarations?"},
{"question":"Wat is ngzone?"},
{"question":"What is NoopZone?"},
{"question":"How do you create displayBlock components?"},
{"question":"What are the possible data change scenarios for change detection?"},
{"question":"What is a zone context?"},
{"question":"What are the lifecycle hooks of a zone?"},
{"question":"Which are the methods of NgZone used to control change detection?"},
{"question":"How do you change the settings of zonejs?"},
{"question":"How do you trigger an animation?"},
{"question":"How do you configure injectors with providers at different levels?"},
{"question":"Is it mandatory to use injectable on every service class?"},
{"question":"What is an optional dependency?"},
{"question":"What are the types of injector hierarchies?"},
{"question":"What are reactive forms?"},
{"question":"What are dynamic forms?"},
{"question":"What are template driven forms?"},
{"question":"What are the differences between reactive forms and template driven forms?"},
{"question":"What are the different ways to group form controls?"},
{"question":"How do you update specific properties of a form model?"},
{"question":"What is the purpose of FormBuilder?"},
{"question":"How do you verify the model changes in forms?"},
{"question":"What are the state CSS classes provided by ngModel?"},
{"question":"How do you reset the form?"},
{"question":"What are the types of validator functions?"},
{"question":"Can you give an example of built-in validators?"},
{"question":"How do you optimize the performance of async validators?"},
{"question":"How to set ngFor and ngIf on the same element?"},
{"question":"What is host property in css?"},
{"question":"How do you get the current route?"},
{"question":"What is Component Test Harnesses?"},
{"question":"What is the benefit of Automatic Inlining of Fonts?"},
{"question":"What is content projection?"},
{"question":"What is ng-content and its purpose?"}

]