[
    {
        "lovid": 55000,
        "lovType": "ARCHIVE_RECORD_CRITERIA",
        "lovCode": "AR_CRITERIA_STRING",
        "description": "Archive Notes",
        "valueField": "COMMENTS",
        "enabled": "Y",
        "orderSeq": 1
    },
    {
        "lovid": 55001,
        "lovType": "ARCHIVE_RECORD_CRITERIA",
        "lovCode": "AR_CRITERIA_STRING",
        "description": "Archivist",
        "valueField": "ARCHIVIST",
        "enabled": "Y",
        "orderSeq": 2
    },
    {
        "lovid": 55002,
        "lovType": "ARCHIVE_RECORD_CRITERIA",
        "lovCode": "AR_CRITERIA_STRING",
        "description": "Comp Vendor",
        "valueField": "COMPOSITOR_VENDOR",
        "enabled": "Y",
        "orderSeq": 3
    },
    {
        "lovid": 55003,
        "lovType": "ARCHIVE_RECORD_CRITERIA",
        "lovCode": "AR_CRITERIA_DATE",
        "description": "Date Archived",
        "valueField": "ARCHIVED_DATE",
        "enabled": "Y",
        "orderSeq": 4
    },
    {
        "lovid": 55004,
        "lovType": "ARCHIVE_RECORD_CRITERIA",
        "lovCode": "AR_CRITERIA_NUMBER",
        "description": "Disc Size",
        "valueField": "DISC_SIZE",
        "enabled": "Y",
        "orderSeq": 5
    },
    {
        "lovid": 55005,
        "lovType": "ARCHIVE_RECORD_CRITERIA",
        "lovCode": "AR_CRITERIA_NUMBER",
        "description": "Discs in Set",
        "valueField": "DISCS_IN_SET",
        "enabled": "Y",
        "orderSeq": 6
    },
    {
        "lovid": 55006,
        "lovType": "ARCHIVE_RECORD_CRITERIA",
        "lovCode": "AR_CRITERIA_DATE",
        "description": "Download Due Date",
        "valueField": "DOWNLOAD_DUE_DATE",
        "enabled": "Y",
        "orderSeq": 7
    },
    {
        "lovid": 55007,
        "lovType": "ARCHIVE_RECORD_CRITERIA",
        "lovCode": "AR_CRITERIA_DATE",
        "description": "Download Received",
        "valueField": "DOWNLOAD_RECEIVED_DATE",
        "enabled": "Y",
        "orderSeq": 8
    },
    {
        "lovid": 55008,
        "lovType": "ARCHIVE_RECORD_CRITERIA",
        "lovCode": "AR_CRITERIA_STRING",
        "description": "Endsheets",
        "valueField": "ENDSHEETS",
        "enabled": "Y",
        "orderSeq": 9
    },
    {
        "lovid": 55009,
        "lovType": "ARCHIVE_RECORD_CRITERIA",
        "lovCode": "AR_CRITERIA_STRING",
        "description": "Insert",
        "valueField": "INSERTS",
        "enabled": "Y",
        "orderSeq": 10
    },
    {
        "lovid": 55010,
        "lovType": "ARCHIVE_RECORD_CRITERIA",
        "lovCode": "AR_CRITERIA_STRING",
        "description": "Library Location #",
        "valueField": "LIBRARY_LOCATION",
        "enabled": "Y",
        "orderSeq": 11
    },
    {
        "lovid": 55011,
        "lovType": "ARCHIVE_RECORD_CRITERIA",
        "lovCode": "AR_CRITERIA_STRING",
        "description": "Location",
        "valueField": "STORAGE_LOCATION",
        "enabled": "Y",
        "orderSeq": 12
    },
    {
        "lovid": 55012,
        "lovType": "ARCHIVE_RECORD_CRITERIA",
        "lovCode": "AR_CRITERIA_STRING",
        "description": "Other Files",
        "valueField": "OTHERFILES",
        "enabled": "Y",
        "orderSeq": 13
    },
    {
        "lovid": 55013,
        "lovType": "ARCHIVE_RECORD_CRITERIA",
        "lovCode": "AR_CRITERIA_STRING",
        "description": "Paging Files",
        "valueField": "PAGINGFILES",
        "enabled": "Y",
        "orderSeq": 14
    },
    {
        "lovid": 55014,
        "lovType": "ARCHIVE_RECORD_CRITERIA",
        "lovCode": "AR_CRITERIA_STRING",
        "description": "PDF Files",
        "valueField": "PDFFILES",
        "enabled": "Y",
        "orderSeq": 15
    },
    {
        "lovid": 55015,
        "lovType": "ARCHIVE_RECORD_CRITERIA",
        "lovCode": "AR_CRITERIA_NUMBER",
        "description": "Printing",
        "valueField": "PRINTING_VERSION",
        "enabled": "Y",
        "orderSeq": 16
    },
    {
        "lovid": 55016,
        "lovType": "ARCHIVE_RECORD_CRITERIA",
        "lovCode": "AR_CRITERIA_NUMBER",
        "description": "Record ID",
        "valueField": "SYSTEMID",
        "enabled": "Y",
        "orderSeq": 17
    },
    {
        "lovid": 55017,
        "lovType": "ARCHIVE_RECORD_CRITERIA",
        "lovCode": "AR_CRITERIA_STRING",
        "description": "Reprint Contact",
        "valueField": "REPRINT_CONTACT",
        "enabled": "Y",
        "orderSeq": 18
    }
]