[
    {
        "lovid": 58000,
        "lovType": "ARCHIVE_REQUEST_CRITERIA",
        "lovCode": "AWIP_CRITERIA_STRING",
        "description": "Archive Request Status Notes",
        "valueField": "STATUS_NOTES",
        "enabled": "Y",
        "orderSeq": 1
    },
    {
        "lovid": 58001,
        "lovType": "ARCHIVE_REQUEST_CRITERIA",
        "lovCode": "AWIP_CRITERIA_STRING",
        "description": "Archivist",
        "valueField": "ARCHIVIST",
        "enabled": "Y",
        "orderSeq": 2
    },
    {
        "lovid": 58002,
        "lovType": "ARCHIVE_REQUEST_CRITERIA",
        "lovCode": "AWIP_CRITERIA_STRING",
        "description": "Comp Vendor",
        "valueField": "COMPOSITOR_VENDOR",
        "enabled": "Y",
        "orderSeq": 3
    },
    {
        "lovid": 58003,
        "lovType": "ARCHIVE_REQUEST_CRITERIA",
        "lovCode": "AWIP_CRITERIA_DATE",
        "description": "Date Completed",
        "valueField": "COMPLETED_DATE",
        "enabled": "Y",
        "orderSeq": 4
    },
    {
        "lovid": 58004,
        "lovType": "ARCHIVE_REQUEST_CRITERIA",
        "lovCode": "AWIP_CRITERIA_NUMBER",
        "description": "Delivery Medium",
        "valueField": "DELIVERY_MEDIUM",
        "enabled": "Y",
        "orderSeq": 5
    },
    {
        "lovid": 58005,
        "lovType": "ARCHIVE_REQUEST_CRITERIA",
        "lovCode": "AWIP_CRITERIA_DATE",
        "description": "Due Date",
        "valueField": "DUE_DATE",
        "enabled": "Y",
        "orderSeq": 6
    },
    {
        "lovid": 58006,
        "lovType": "ARCHIVE_REQUEST_CRITERIA",
        "lovCode": "AWIP_CRITERIA_STRING",
        "description": "PDF Files",
        "valueField": "PDFFILES",
        "enabled": "Y",
        "orderSeq": 7
    },
    {
        "lovid": 58007,
        "lovType": "ARCHIVE_REQUEST_CRITERIA",
        "lovCode": "AWIP_CRITERIA_NUMBER",
        "description": "Printing",
        "valueField": "PRINTING_VERSION",
        "enabled": "Y",
        "orderSeq": 8
    },
    {
        "lovid": 58008,
        "lovType": "ARCHIVE_REQUEST_CRITERIA",
        "lovCode": "AWIP_CRITERIA_DATE",
        "description": "Request Received",
        "valueField": "REQUEST_RECEIVED_DATE",
        "enabled": "Y",
        "orderSeq": 9
    },
    {
        "lovid": 58009,
        "lovType": "ARCHIVE_REQUEST_CRITERIA",
        "lovCode": "AWIP_CRITERIA_STRING",
        "description": "Requested By",
        "valueField": "REQUESTED_BY",
        "enabled": "Y",
        "orderSeq": 10
    },
    {
        "lovid": 58010,
        "lovType": "ARCHIVE_REQUEST_CRITERIA",
        "lovCode": "AWIP_CRITERIA_STRING",
        "description": "Requested Files",
        "valueField": "REQUESTEDFILES",
        "enabled": "Y",
        "orderSeq": 11
    },
    {
        "lovid": 58011,
        "lovType": "ARCHIVE_REQUEST_CRITERIA",
        "lovCode": "AWIP_CRITERIA_STRING",
        "description": "Requestor Department",
        "valueField": "REQUESTOR_DEPARTMENT",
        "enabled": "Y",
        "orderSeq": 12
    },
    {
        "lovid": 58012,
        "lovType": "ARCHIVE_REQUEST_CRITERIA",
        "lovCode": "AWIP_CRITERIA_STRING",
        "description": "Special Instructions",
        "valueField": "SPECIAL_INSTRUCTIONS",
        "enabled": "Y",
        "orderSeq": 13
    },
    {
        "lovid": 58013,
        "lovType": "ARCHIVE_REQUEST_CRITERIA",
        "lovCode": "AWIP_CRITERIA_STRING",
        "description": "Status",
        "valueField": "IN_PROCESS",
        "enabled": "Y",
        "orderSeq": 14
    },
    {
        "lovid": 58014,
        "lovType": "ARCHIVE_REQUEST_CRITERIA",
        "lovCode": "AWIP_CRITERIA_NUMBER",
        "description": "Task ID",
        "valueField": "SYSTEMID",
        "enabled": "Y",
        "orderSeq": 15
    }
]