[
    {
        "lovid": 61000,
        "lovType": "ASSOCIATED_CRITERIA",
        "lovCode": "ASC_CRITERIA_NUMBER",
        "description": "Associated ID",
        "valueField": "SYSTEMID",
        "enabled": "Y",
        "orderSeq": 1
    },
    {
        "lovid": 61001,
        "lovType": "ASSOCIATED_CRITERIA",
        "lovCode": "ASC_CRITERIA_STRING",
        "description": "Associated Product Title",
        "valueField": "PRODUCT_TITLE",
        "enabled": "Y",
        "orderSeq": 2
    },
    {
        "lovid": 61002,
        "lovType": "ASSOCIATED_CRITERIA",
        "lovCode": "ASC_CRITERIA_STRING",
        "description": "Comp Vendor",
        "valueField": "COMPOSITOR_VENDOR",
        "enabled": "Y",
        "orderSeq": 3
    },
    {
        "lovid": 61003,
        "lovType": "ASSOCIATED_CRITERIA",
        "lovCode": "ASC_CRITERIA_DATE",
        "description": "Date Archived",
        "valueField": "ARCHIVED_DATE",
        "enabled": "Y",
        "orderSeq": 4
    },
    {
        "lovid": 61004,
        "lovType": "ASSOCIATED_CRITERIA",
        "lovCode": "ASC_CRITERIA_DATE",
        "description": "Download Received",
        "valueField": "DOWNLOAD_RECEIVED_DATE",
        "enabled": "Y",
        "orderSeq": 5
    }
]