[
    {
        "lovid": 52000,
        "lovType": "COMMON_CRITERIA",
        "lovCode": "COMMON_CRITERIA_STRING",
        "description": "Author(s)",
        "valueField": "AUTHOR",
        "enabled": "Y",
        "orderSeq": 1
    },
    {
        "lovid": 52001,
        "lovType": "COMMON_CRITERIA",
        "lovCode": "COMMON_CRITERIA_NUMBER",
        "description": "Copyright Year",
        "valueField": "COPYRIGHTYEAR",
        "enabled": "Y",
        "orderSeq": 2
    },
    {
        "lovid": 52002,
        "lovType": "COMMON_CRITERIA",
        "lovCode": "COMMON_CRITERIA_STRING",
        "description": "Delivery Format",
        "valueField": "DELIVERY_FORMAT",
        "enabled": "Y",
        "orderSeq": 3
    },
    {
        "lovid": 52003,
        "lovType": "COMMON_CRITERIA",
        "lovCode": "COMMON_CRITERIA_STRING",
        "description": "Edition",
        "valueField": "EDITION",
        "enabled": "Y",
        "orderSeq": 4
    },
    {
        "lovid": 52004,
        "lovType": "COMMON_CRITERIA",
        "lovCode": "COMMON_CRITERIA_STRING",
        "description": "Grade Range",
        "valueField": "GRADE_RANGE",
        "enabled": "Y",
        "orderSeq": 5
    },
    {
        "lovid": 52005,
        "lovType": "COMMON_CRITERIA",
        "lovCode": "COMMON_CRITERIA_STRING",
        "description": "iPub Program Title",
        "valueField": "IPUB_PROGRAMMING_TITLE",
        "enabled": "Y",
        "orderSeq": 6
    },
    {
        "lovid": 52006,
        "lovType": "COMMON_CRITERIA",
        "lovCode": "COMMON_CRITERIA_STRING",
        "description": "iPub Publishing Group",
        "valueField": "IPUB_PUBLISHING_GROUP",
        "enabled": "Y",
        "orderSeq": 7
    },
    {
        "lovid": 52007,
        "lovType": "COMMON_CRITERIA",
        "lovCode": "COMMON_CRITERIA_STRING",
        "description": "ISBN-13",
        "valueField": "ISBN13",
        "enabled": "Y",
        "orderSeq": 8
    },
    {
        "lovid": 52008,
        "lovType": "COMMON_CRITERIA",
        "lovCode": "COMMON_CRITERIA_STRING",
        "description": "Marketing Title",
        "valueField": "TITLE",
        "enabled": "Y",
        "orderSeq": 9
    },
    {
        "lovid": 52009,
        "lovType": "COMMON_CRITERIA",
        "lovCode": "COMMON_CRITERIA_STRING",
        "description": "MHID",
        "valueField": "MHID",
        "enabled": "Y",
        "orderSeq": 10
    },
    {
        "lovid": 52010,
        "lovType": "COMMON_CRITERIA",
        "lovCode": "COMMON_CRITERIA_STRING",
        "description": "Next Edition ISBN",
        "valueField": "NEW_ISBN",
        "enabled": "Y",
        "orderSeq": 11
    },
    {
        "lovid": 52011,
        "lovType": "COMMON_CRITERIA",
        "lovCode": "COMMON_CRITERIA_STRING",
        "description": "Owning Division",
        "valueField": "OWNDIV",
        "enabled": "Y",
        "orderSeq": 12
    },
    {
        "lovid": 52012,
        "lovType": "COMMON_CRITERIA",
        "lovCode": "COMMON_CRITERIA_NUMBER",
        "description": "Page Count",
        "valueField": "NUMBER_OF_PAGES",
        "enabled": "Y",
        "orderSeq": 13
    },
    {
        "lovid": 52013,
        "lovType": "COMMON_CRITERIA",
        "lovCode": "COMMON_CRITERIA_DATE",
        "description": "Permission End Date",
        "valueField": "PERMISSIONS_END_DATE",
        "enabled": "Y",
        "orderSeq": 14
    },
    {
        "lovid": 52014,
        "lovType": "COMMON_CRITERIA",
        "lovCode": "COMMON_CRITERIA_STRING",
        "description": "Prior Edition ISBN",
        "valueField": "PREVIOUS_ISBN",
        "enabled": "Y",
        "orderSeq": 15
    },
    {
        "lovid": 52015,
        "lovType": "COMMON_CRITERIA",
        "lovCode": "COMMON_CRITERIA_DATE",
        "description": "Project OP Date",
        "valueField": "PROJECT_OP_DATE",
        "enabled": "Y",
        "orderSeq": 16
    },
    {
        "lovid": 52016,
        "lovType": "COMMON_CRITERIA",
        "lovCode": "COMMON_CRITERIA_STRING",
        "description": "Publication Status",
        "valueField": "PRIORITY",
        "enabled": "Y",
        "orderSeq": 17
    },
    {
        "lovid": 52017,
        "lovType": "COMMON_CRITERIA",
        "lovCode": "COMMON_CRITERIA_STRING",
        "description": "Specific Market",
        "valueField": "SPECIFIC_MARKET",
        "enabled": "Y",
        "orderSeq": 18
    },
    {
        "lovid": 52018,
        "lovType": "COMMON_CRITERIA",
        "lovCode": "COMMON_CRITERIA_STRING",
        "description": "Subdivision Description",
        "valueField": "OWNSUBDIV",
        "enabled": "Y",
        "orderSeq": 19
    },
    {
        "lovid": 52019,
        "lovType": "COMMON_CRITERIA",
        "lovCode": "COMMON_CRITERIA_STRING",
        "description": "Title Type",
        "valueField": "TITLE_TYPE_DESC",
        "enabled": "Y",
        "orderSeq": 20
    }
]