
{
    "succeeded": true,
    "data": [
        {
            "lovGroupType": "ARCHIVE_RECORD_CRITERIA",
            "lovItemList": [
                {
                    "lovid": 55000,
                    "lovType": "ARCHIVE_RECORD_CRITERIA",
                    "lovCode": "AR_CRITERIA_STRING",
                    "description": "Archive Notes",
                    "valueField": "COMMENTS",
                    "enabled": "Y",
                    "orderSeq": 1
                },
                {
                    "lovid": 55001,
                    "lovType": "ARCHIVE_RECORD_CRITERIA",
                    "lovCode": "AR_CRITERIA_STRING",
                    "description": "Archivist",
                    "valueField": "ARCHIVIST",
                    "enabled": "Y",
                    "orderSeq": 2
                },
                {
                    "lovid": 55002,
                    "lovType": "ARCHIVE_RECORD_CRITERIA",
                    "lovCode": "AR_CRITERIA_STRING",
                    "description": "Comp Vendor",
                    "valueField": "COMPOSITOR_VENDOR",
                    "enabled": "Y",
                    "orderSeq": 3
                },
                {
                    "lovid": 55003,
                    "lovType": "ARCHIVE_RECORD_CRITERIA",
                    "lovCode": "AR_CRITERIA_DATE",
                    "description": "Date Archived",
                    "valueField": "ARCHIVED_DATE",
                    "enabled": "Y",
                    "orderSeq": 4
                },
                {
                    "lovid": 55004,
                    "lovType": "ARCHIVE_RECORD_CRITERIA",
                    "lovCode": "AR_CRITERIA_NUMBER",
                    "description": "Disc Size",
                    "valueField": "DISC_SIZE",
                    "enabled": "Y",
                    "orderSeq": 5
                },
                {
                    "lovid": 55005,
                    "lovType": "ARCHIVE_RECORD_CRITERIA",
                    "lovCode": "AR_CRITERIA_NUMBER",
                    "description": "Discs in Set",
                    "valueField": "DISCS_IN_SET",
                    "enabled": "Y",
                    "orderSeq": 6
                },
                {
                    "lovid": 55006,
                    "lovType": "ARCHIVE_RECORD_CRITERIA",
                    "lovCode": "AR_CRITERIA_DATE",
                    "description": "Download Due Date",
                    "valueField": "DOWNLOAD_DUE_DATE",
                    "enabled": "Y",
                    "orderSeq": 7
                },
                {
                    "lovid": 55007,
                    "lovType": "ARCHIVE_RECORD_CRITERIA",
                    "lovCode": "AR_CRITERIA_DATE",
                    "description": "Download Received",
                    "valueField": "DOWNLOAD_RECEIVED_DATE",
                    "enabled": "Y",
                    "orderSeq": 8
                },
                {
                    "lovid": 55008,
                    "lovType": "ARCHIVE_RECORD_CRITERIA",
                    "lovCode": "AR_CRITERIA_STRING",
                    "description": "Endsheets",
                    "valueField": "ENDSHEETS",
                    "enabled": "Y",
                    "orderSeq": 9
                },
                {
                    "lovid": 55009,
                    "lovType": "ARCHIVE_RECORD_CRITERIA",
                    "lovCode": "AR_CRITERIA_STRING",
                    "description": "Insert",
                    "valueField": "INSERTS",
                    "enabled": "Y",
                    "orderSeq": 10
                },
                {
                    "lovid": 55010,
                    "lovType": "ARCHIVE_RECORD_CRITERIA",
                    "lovCode": "AR_CRITERIA_STRING",
                    "description": "Library Location #",
                    "valueField": "LIBRARY_LOCATION",
                    "enabled": "Y",
                    "orderSeq": 11
                },
                {
                    "lovid": 55011,
                    "lovType": "ARCHIVE_RECORD_CRITERIA",
                    "lovCode": "AR_CRITERIA_STRING",
                    "description": "Location",
                    "valueField": "STORAGE_LOCATION",
                    "enabled": "Y",
                    "orderSeq": 12
                },
                {
                    "lovid": 55012,
                    "lovType": "ARCHIVE_RECORD_CRITERIA",
                    "lovCode": "AR_CRITERIA_STRING",
                    "description": "Other Files",
                    "valueField": "OTHERFILES",
                    "enabled": "Y",
                    "orderSeq": 13
                },
                {
                    "lovid": 55013,
                    "lovType": "ARCHIVE_RECORD_CRITERIA",
                    "lovCode": "AR_CRITERIA_STRING",
                    "description": "Paging Files",
                    "valueField": "PAGINGFILES",
                    "enabled": "Y",
                    "orderSeq": 14
                },
                {
                    "lovid": 55014,
                    "lovType": "ARCHIVE_RECORD_CRITERIA",
                    "lovCode": "AR_CRITERIA_STRING",
                    "description": "PDF Files",
                    "valueField": "PDFFILES",
                    "enabled": "Y",
                    "orderSeq": 15
                },
                {
                    "lovid": 55015,
                    "lovType": "ARCHIVE_RECORD_CRITERIA",
                    "lovCode": "AR_CRITERIA_NUMBER",
                    "description": "Printing",
                    "valueField": "PRINTING_VERSION",
                    "enabled": "Y",
                    "orderSeq": 16
                },
                {
                    "lovid": 55016,
                    "lovType": "ARCHIVE_RECORD_CRITERIA",
                    "lovCode": "AR_CRITERIA_NUMBER",
                    "description": "Record ID",
                    "valueField": "SYSTEMID",
                    "enabled": "Y",
                    "orderSeq": 17
                },
                {
                    "lovid": 55017,
                    "lovType": "ARCHIVE_RECORD_CRITERIA",
                    "lovCode": "AR_CRITERIA_STRING",
                    "description": "Reprint Contact",
                    "valueField": "REPRINT_CONTACT",
                    "enabled": "Y",
                    "orderSeq": 18
                }
            ]
        },
        {
            "lovGroupType": "ARCHIVE_REQUEST_CRITERIA",
            "lovItemList": [
                {
                    "lovid": 58000,
                    "lovType": "ARCHIVE_REQUEST_CRITERIA",
                    "lovCode": "AWIP_CRITERIA_STRING",
                    "description": "Archive Request Status Notes",
                    "valueField": "STATUS_NOTES",
                    "enabled": "Y",
                    "orderSeq": 1
                },
                {
                    "lovid": 58001,
                    "lovType": "ARCHIVE_REQUEST_CRITERIA",
                    "lovCode": "AWIP_CRITERIA_STRING",
                    "description": "Archivist",
                    "valueField": "ARCHIVIST",
                    "enabled": "Y",
                    "orderSeq": 2
                },
                {
                    "lovid": 58002,
                    "lovType": "ARCHIVE_REQUEST_CRITERIA",
                    "lovCode": "AWIP_CRITERIA_STRING",
                    "description": "Comp Vendor",
                    "valueField": "COMPOSITOR_VENDOR",
                    "enabled": "Y",
                    "orderSeq": 3
                },
                {
                    "lovid": 58003,
                    "lovType": "ARCHIVE_REQUEST_CRITERIA",
                    "lovCode": "AWIP_CRITERIA_DATE",
                    "description": "Date Completed",
                    "valueField": "COMPLETED_DATE",
                    "enabled": "Y",
                    "orderSeq": 4
                },
                {
                    "lovid": 58004,
                    "lovType": "ARCHIVE_REQUEST_CRITERIA",
                    "lovCode": "AWIP_CRITERIA_NUMBER",
                    "description": "Delivery Medium",
                    "valueField": "DELIVERY_MEDIUM",
                    "enabled": "Y",
                    "orderSeq": 5
                },
                {
                    "lovid": 58005,
                    "lovType": "ARCHIVE_REQUEST_CRITERIA",
                    "lovCode": "AWIP_CRITERIA_DATE",
                    "description": "Due Date",
                    "valueField": "DUE_DATE",
                    "enabled": "Y",
                    "orderSeq": 6
                },
                {
                    "lovid": 58006,
                    "lovType": "ARCHIVE_REQUEST_CRITERIA",
                    "lovCode": "AWIP_CRITERIA_STRING",
                    "description": "PDF Files",
                    "valueField": "PDFFILES",
                    "enabled": "Y",
                    "orderSeq": 7
                },
                {
                    "lovid": 58007,
                    "lovType": "ARCHIVE_REQUEST_CRITERIA",
                    "lovCode": "AWIP_CRITERIA_NUMBER",
                    "description": "Printing",
                    "valueField": "PRINTING_VERSION",
                    "enabled": "Y",
                    "orderSeq": 8
                },
                {
                    "lovid": 58008,
                    "lovType": "ARCHIVE_REQUEST_CRITERIA",
                    "lovCode": "AWIP_CRITERIA_DATE",
                    "description": "Request Received",
                    "valueField": "REQUEST_RECEIVED_DATE",
                    "enabled": "Y",
                    "orderSeq": 9
                },
                {
                    "lovid": 58009,
                    "lovType": "ARCHIVE_REQUEST_CRITERIA",
                    "lovCode": "AWIP_CRITERIA_STRING",
                    "description": "Requested By",
                    "valueField": "REQUESTED_BY",
                    "enabled": "Y",
                    "orderSeq": 10
                },
                {
                    "lovid": 58010,
                    "lovType": "ARCHIVE_REQUEST_CRITERIA",
                    "lovCode": "AWIP_CRITERIA_STRING",
                    "description": "Requested Files",
                    "valueField": "REQUESTEDFILES",
                    "enabled": "Y",
                    "orderSeq": 11
                },
                {
                    "lovid": 58011,
                    "lovType": "ARCHIVE_REQUEST_CRITERIA",
                    "lovCode": "AWIP_CRITERIA_STRING",
                    "description": "Requestor Department",
                    "valueField": "REQUESTOR_DEPARTMENT",
                    "enabled": "Y",
                    "orderSeq": 12
                },
                {
                    "lovid": 58012,
                    "lovType": "ARCHIVE_REQUEST_CRITERIA",
                    "lovCode": "AWIP_CRITERIA_STRING",
                    "description": "Special Instructions",
                    "valueField": "SPECIAL_INSTRUCTIONS",
                    "enabled": "Y",
                    "orderSeq": 13
                },
                {
                    "lovid": 58013,
                    "lovType": "ARCHIVE_REQUEST_CRITERIA",
                    "lovCode": "AWIP_CRITERIA_STRING",
                    "description": "Status",
                    "valueField": "IN_PROCESS",
                    "enabled": "Y",
                    "orderSeq": 14
                },
                {
                    "lovid": 58014,
                    "lovType": "ARCHIVE_REQUEST_CRITERIA",
                    "lovCode": "AWIP_CRITERIA_NUMBER",
                    "description": "Task ID",
                    "valueField": "SYSTEMID",
                    "enabled": "Y",
                    "orderSeq": 15
                }
            ]
        },
        {
            "lovGroupType": "ARCHIVIST",
            "lovItemList": [
                {
                    "lovid": 1003,
                    "lovType": "ARCHIVIST",
                    "lovCode": "ARCHIVIST-MHSE",
                    "description": "Andy Backs",
                    "valueField": null,
                    "enabled": "Y",
                    "orderSeq": 4
                },
                {
                    "lovid": 1011,
                    "lovType": "ARCHIVIST",
                    "lovCode": "ARCHIVIST-MHSE",
                    "description": "Jeff Kemeter",
                    "valueField": null,
                    "enabled": "Y",
                    "orderSeq": 12
                },
                {
                    "lovid": 1012,
                    "lovType": "ARCHIVIST",
                    "lovCode": "ARCHIVIST-MHSE",
                    "description": "Jessica Solomon",
                    "valueField": null,
                    "enabled": "Y",
                    "orderSeq": 13
                },
                {
                    "lovid": 1013,
                    "lovType": "ARCHIVIST",
                    "lovCode": "ARCHIVIST-MHHE",
                    "description": "Jodi Gaherty",
                    "valueField": null,
                    "enabled": "Y",
                    "orderSeq": 14
                },
                {
                    "lovid": 1014,
                    "lovType": "ARCHIVIST",
                    "lovCode": "ARCHIVIST-MHHE",
                    "description": "Kara Kudronowicz",
                    "valueField": null,
                    "enabled": "Y",
                    "orderSeq": 15
                },
                {
                    "lovid": 1017,
                    "lovType": "ARCHIVIST",
                    "lovCode": "ARCHIVIST-MHHE",
                    "description": "Laurie Lenstra",
                    "valueField": null,
                    "enabled": "Y",
                    "orderSeq": 18
                },
                {
                    "lovid": 1032,
                    "lovType": "ARCHIVIST",
                    "lovCode": "ARCHIVIST-MHHE",
                    "description": "Tina Flanagan",
                    "valueField": null,
                    "enabled": "Y",
                    "orderSeq": 33
                }
            ]
        },
        {
            "lovGroupType": "ASSOCIATED_CRITERIA",
            "lovItemList": [
                {
                    "lovid": 61000,
                    "lovType": "ASSOCIATED_CRITERIA",
                    "lovCode": "ASC_CRITERIA_NUMBER",
                    "description": "Associated ID",
                    "valueField": "SYSTEMID",
                    "enabled": "Y",
                    "orderSeq": 1
                },
                {
                    "lovid": 61001,
                    "lovType": "ASSOCIATED_CRITERIA",
                    "lovCode": "ASC_CRITERIA_STRING",
                    "description": "Associated Product Title",
                    "valueField": "PRODUCT_TITLE",
                    "enabled": "Y",
                    "orderSeq": 2
                },
                {
                    "lovid": 61002,
                    "lovType": "ASSOCIATED_CRITERIA",
                    "lovCode": "ASC_CRITERIA_STRING",
                    "description": "Comp Vendor",
                    "valueField": "COMPOSITOR_VENDOR",
                    "enabled": "Y",
                    "orderSeq": 3
                },
                {
                    "lovid": 61003,
                    "lovType": "ASSOCIATED_CRITERIA",
                    "lovCode": "ASC_CRITERIA_DATE",
                    "description": "Date Archived",
                    "valueField": "ARCHIVED_DATE",
                    "enabled": "Y",
                    "orderSeq": 4
                },
                {
                    "lovid": 61004,
                    "lovType": "ASSOCIATED_CRITERIA",
                    "lovCode": "ASC_CRITERIA_DATE",
                    "description": "Download Received",
                    "valueField": "DOWNLOAD_RECEIVED_DATE",
                    "enabled": "Y",
                    "orderSeq": 5
                }
            ]
        },
        {
            "lovGroupType": "COMMON_CRITERIA",
            "lovItemList": [
                {
                    "lovid": 52000,
                    "lovType": "COMMON_CRITERIA",
                    "lovCode": "COMMON_CRITERIA_STRING",
                    "description": "Author(s)",
                    "valueField": "AUTHOR",
                    "enabled": "Y",
                    "orderSeq": 1
                },
                {
                    "lovid": 52001,
                    "lovType": "COMMON_CRITERIA",
                    "lovCode": "COMMON_CRITERIA_NUMBER",
                    "description": "Copyright Year",
                    "valueField": "COPYRIGHTYEAR",
                    "enabled": "Y",
                    "orderSeq": 2
                },
                {
                    "lovid": 52002,
                    "lovType": "COMMON_CRITERIA",
                    "lovCode": "COMMON_CRITERIA_STRING",
                    "description": "Delivery Format",
                    "valueField": "DELIVERY_FORMAT",
                    "enabled": "Y",
                    "orderSeq": 3
                },
                {
                    "lovid": 52003,
                    "lovType": "COMMON_CRITERIA",
                    "lovCode": "COMMON_CRITERIA_STRING",
                    "description": "Edition",
                    "valueField": "EDITION",
                    "enabled": "Y",
                    "orderSeq": 4
                },
                {
                    "lovid": 52004,
                    "lovType": "COMMON_CRITERIA",
                    "lovCode": "COMMON_CRITERIA_STRING",
                    "description": "Grade Range",
                    "valueField": "GRADE_RANGE",
                    "enabled": "Y",
                    "orderSeq": 5
                },
                {
                    "lovid": 52005,
                    "lovType": "COMMON_CRITERIA",
                    "lovCode": "COMMON_CRITERIA_STRING",
                    "description": "iPub Program Title",
                    "valueField": "IPUB_PROGRAMMING_TITLE",
                    "enabled": "Y",
                    "orderSeq": 6
                },
                {
                    "lovid": 52006,
                    "lovType": "COMMON_CRITERIA",
                    "lovCode": "COMMON_CRITERIA_STRING",
                    "description": "iPub Publishing Group",
                    "valueField": "IPUB_PUBLISHING_GROUP",
                    "enabled": "Y",
                    "orderSeq": 7
                },
                {
                    "lovid": 52007,
                    "lovType": "COMMON_CRITERIA",
                    "lovCode": "COMMON_CRITERIA_STRING",
                    "description": "ISBN-13",
                    "valueField": "ISBN13",
                    "enabled": "Y",
                    "orderSeq": 8
                },
                {
                    "lovid": 52008,
                    "lovType": "COMMON_CRITERIA",
                    "lovCode": "COMMON_CRITERIA_STRING",
                    "description": "Marketing Title",
                    "valueField": "TITLE",
                    "enabled": "Y",
                    "orderSeq": 9
                },
                {
                    "lovid": 52009,
                    "lovType": "COMMON_CRITERIA",
                    "lovCode": "COMMON_CRITERIA_STRING",
                    "description": "MHID",
                    "valueField": "MHID",
                    "enabled": "Y",
                    "orderSeq": 10
                },
                {
                    "lovid": 52010,
                    "lovType": "COMMON_CRITERIA",
                    "lovCode": "COMMON_CRITERIA_STRING",
                    "description": "Next Edition ISBN",
                    "valueField": "NEW_ISBN",
                    "enabled": "Y",
                    "orderSeq": 11
                },
                {
                    "lovid": 52011,
                    "lovType": "COMMON_CRITERIA",
                    "lovCode": "COMMON_CRITERIA_STRING",
                    "description": "Owning Division",
                    "valueField": "OWNDIV",
                    "enabled": "Y",
                    "orderSeq": 12
                },
                {
                    "lovid": 52012,
                    "lovType": "COMMON_CRITERIA",
                    "lovCode": "COMMON_CRITERIA_NUMBER",
                    "description": "Page Count",
                    "valueField": "NUMBER_OF_PAGES",
                    "enabled": "Y",
                    "orderSeq": 13
                },
                {
                    "lovid": 52013,
                    "lovType": "COMMON_CRITERIA",
                    "lovCode": "COMMON_CRITERIA_DATE",
                    "description": "Permission End Date",
                    "valueField": "PERMISSIONS_END_DATE",
                    "enabled": "Y",
                    "orderSeq": 14
                },
                {
                    "lovid": 52014,
                    "lovType": "COMMON_CRITERIA",
                    "lovCode": "COMMON_CRITERIA_STRING",
                    "description": "Prior Edition ISBN",
                    "valueField": "PREVIOUS_ISBN",
                    "enabled": "Y",
                    "orderSeq": 15
                },
                {
                    "lovid": 52015,
                    "lovType": "COMMON_CRITERIA",
                    "lovCode": "COMMON_CRITERIA_DATE",
                    "description": "Project OP Date",
                    "valueField": "PROJECT_OP_DATE",
                    "enabled": "Y",
                    "orderSeq": 16
                },
                {
                    "lovid": 52016,
                    "lovType": "COMMON_CRITERIA",
                    "lovCode": "COMMON_CRITERIA_STRING",
                    "description": "Publication Status",
                    "valueField": "PRIORITY",
                    "enabled": "Y",
                    "orderSeq": 17
                },
                {
                    "lovid": 52017,
                    "lovType": "COMMON_CRITERIA",
                    "lovCode": "COMMON_CRITERIA_STRING",
                    "description": "Specific Market",
                    "valueField": "SPECIFIC_MARKET",
                    "enabled": "Y",
                    "orderSeq": 18
                },
                {
                    "lovid": 52018,
                    "lovType": "COMMON_CRITERIA",
                    "lovCode": "COMMON_CRITERIA_STRING",
                    "description": "Subdivision Description",
                    "valueField": "OWNSUBDIV",
                    "enabled": "Y",
                    "orderSeq": 19
                },
                {
                    "lovid": 52019,
                    "lovType": "COMMON_CRITERIA",
                    "lovCode": "COMMON_CRITERIA_STRING",
                    "description": "Title Type",
                    "valueField": "TITLE_TYPE_DESC",
                    "enabled": "Y",
                    "orderSeq": 20
                }
            ]
        },
        {
            "lovGroupType": "COMPOSITOR_VENDOR",
            "lovItemList": [
                {
                    "lovid": 4000,
                    "lovType": "COMPOSITOR_VENDOR",
                    "lovCode": "COMPOSITOR_VENDOR-ALL",
                    "description": "Aptara",
                    "valueField": null,
                    "enabled": "Y",
                    "orderSeq": 1
                },
                {
                    "lovid": 4001,
                    "lovType": "COMPOSITOR_VENDOR",
                    "lovCode": "COMPOSITOR_VENDOR-MHSE",
                    "description": "Editec",
                    "valueField": null,
                    "enabled": "Y",
                    "orderSeq": 2
                },
                {
                    "lovid": 4002,
                    "lovType": "COMPOSITOR_VENDOR",
                    "lovCode": "COMPOSITOR_VENDOR-MHHE",
                    "description": "Hurix",
                    "valueField": null,
                    "enabled": "Y",
                    "orderSeq": 3
                },
                {
                    "lovid": 4003,
                    "lovType": "COMPOSITOR_VENDOR",
                    "lovCode": "COMPOSITOR_VENDOR-ALL",
                    "description": "MPS",
                    "valueField": null,
                    "enabled": "Y",
                    "orderSeq": 4
                },
                {
                    "lovid": 4004,
                    "lovType": "COMPOSITOR_VENDOR",
                    "lovCode": "COMPOSITOR_VENDOR-MHSE",
                    "description": "SeBue",
                    "valueField": null,
                    "enabled": "Y",
                    "orderSeq": 5
                },
                {
                    "lovid": 4005,
                    "lovType": "COMPOSITOR_VENDOR",
                    "lovCode": "COMPOSITOR_VENDOR-ALL",
                    "description": "Other",
                    "valueField": null,
                    "enabled": "Y",
                    "orderSeq": 6
                }
            ]
        },
        {
            "lovGroupType": "CONTAINS_VALUES_DATE",
            "lovItemList": [
                {
                    "lovid": 70000,
                    "lovType": "CONTAINS_VALUES_DATE",
                    "lovCode": "CONTAINS_VALUES_DATE",
                    "description": "Does not equal",
                    "valueField": "dNotEquals",
                    "enabled": "Y",
                    "orderSeq": 1
                },
                {
                    "lovid": 70001,
                    "lovType": "CONTAINS_VALUES_DATE",
                    "lovCode": "CONTAINS_VALUES_DATE",
                    "description": "Equals",
                    "valueField": "dEquals",
                    "enabled": "Y",
                    "orderSeq": 2
                },
                {
                    "lovid": 70002,
                    "lovType": "CONTAINS_VALUES_DATE",
                    "lovCode": "CONTAINS_VALUES_DATE",
                    "description": "Greater Than",
                    "valueField": "dGreaterThan",
                    "enabled": "Y",
                    "orderSeq": 3
                },
                {
                    "lovid": 70003,
                    "lovType": "CONTAINS_VALUES_DATE",
                    "lovCode": "CONTAINS_VALUES_DATE",
                    "description": "Greater Than or Equal To",
                    "valueField": "dGreaterThanOrEqualTo",
                    "enabled": "Y",
                    "orderSeq": 4
                },
                {
                    "lovid": 70004,
                    "lovType": "CONTAINS_VALUES_DATE",
                    "lovCode": "CONTAINS_VALUES_DATE",
                    "description": "Is Not Null",
                    "valueField": "isNotNull",
                    "enabled": "Y",
                    "orderSeq": 5
                },
                {
                    "lovid": 70005,
                    "lovType": "CONTAINS_VALUES_DATE",
                    "lovCode": "CONTAINS_VALUES_DATE",
                    "description": "Is Null",
                    "valueField": "isNull",
                    "enabled": "Y",
                    "orderSeq": 6
                },
                {
                    "lovid": 70006,
                    "lovType": "CONTAINS_VALUES_DATE",
                    "lovCode": "CONTAINS_VALUES_DATE",
                    "description": "Less Than",
                    "valueField": "dLessThan",
                    "enabled": "Y",
                    "orderSeq": 7
                },
                {
                    "lovid": 70007,
                    "lovType": "CONTAINS_VALUES_DATE",
                    "lovCode": "CONTAINS_VALUES_DATE",
                    "description": "Less Than or Equal To",
                    "valueField": "dLessThanOrEqualTo",
                    "enabled": "Y",
                    "orderSeq": 8
                }
            ]
        },
        {
            "lovGroupType": "CONTAINS_VALUES_NUMBER",
            "lovItemList": [
                {
                    "lovid": 73000,
                    "lovType": "CONTAINS_VALUES_NUMBER",
                    "lovCode": "CONTAINS_VALUES_NUMBER",
                    "description": "Does not equal",
                    "valueField": "nNotEquals",
                    "enabled": "Y",
                    "orderSeq": 1
                },
                {
                    "lovid": 73001,
                    "lovType": "CONTAINS_VALUES_NUMBER",
                    "lovCode": "CONTAINS_VALUES_NUMBER",
                    "description": "Equals",
                    "valueField": "nEquals",
                    "enabled": "Y",
                    "orderSeq": 2
                },
                {
                    "lovid": 73002,
                    "lovType": "CONTAINS_VALUES_NUMBER",
                    "lovCode": "CONTAINS_VALUES_NUMBER",
                    "description": "Greater Than",
                    "valueField": "nGreaterThan",
                    "enabled": "Y",
                    "orderSeq": 3
                },
                {
                    "lovid": 73003,
                    "lovType": "CONTAINS_VALUES_NUMBER",
                    "lovCode": "CONTAINS_VALUES_NUMBER",
                    "description": "Greater Than or Equal To",
                    "valueField": "nGreaterThanOrEqualTo",
                    "enabled": "Y",
                    "orderSeq": 4
                },
                {
                    "lovid": 73004,
                    "lovType": "CONTAINS_VALUES_NUMBER",
                    "lovCode": "CONTAINS_VALUES_NUMBER",
                    "description": "Is Not Null",
                    "valueField": "isNotNull",
                    "enabled": "Y",
                    "orderSeq": 5
                },
                {
                    "lovid": 73005,
                    "lovType": "CONTAINS_VALUES_NUMBER",
                    "lovCode": "CONTAINS_VALUES_NUMBER",
                    "description": "Is Null",
                    "valueField": "isNull",
                    "enabled": "Y",
                    "orderSeq": 6
                },
                {
                    "lovid": 73006,
                    "lovType": "CONTAINS_VALUES_NUMBER",
                    "lovCode": "CONTAINS_VALUES_NUMBER",
                    "description": "Less Than",
                    "valueField": "nLessThan",
                    "enabled": "Y",
                    "orderSeq": 7
                },
                {
                    "lovid": 73007,
                    "lovType": "CONTAINS_VALUES_NUMBER",
                    "lovCode": "CONTAINS_VALUES_NUMBER",
                    "description": "Less Than or Equal To",
                    "valueField": "nLessThanOrEqualTo",
                    "enabled": "Y",
                    "orderSeq": 8
                }
            ]
        },
        {
            "lovGroupType": "CONTAINS_VALUES_STRING",
            "lovItemList": [
                {
                    "lovid": 76000,
                    "lovType": "CONTAINS_VALUES_STRING",
                    "lovCode": "CONTAINS_VALUES_STRING",
                    "description": "Contains",
                    "valueField": "contains",
                    "enabled": "Y",
                    "orderSeq": 1
                },
                {
                    "lovid": 76001,
                    "lovType": "CONTAINS_VALUES_STRING",
                    "lovCode": "CONTAINS_VALUES_STRING",
                    "description": "Does not contain",
                    "valueField": "doesNotContain",
                    "enabled": "Y",
                    "orderSeq": 2
                },
                {
                    "lovid": 76002,
                    "lovType": "CONTAINS_VALUES_STRING",
                    "lovCode": "CONTAINS_VALUES_STRING",
                    "description": "Does not equal",
                    "valueField": "notEquals",
                    "enabled": "Y",
                    "orderSeq": 3
                },
                {
                    "lovid": 76003,
                    "lovType": "CONTAINS_VALUES_STRING",
                    "lovCode": "CONTAINS_VALUES_STRING",
                    "description": "Ends with",
                    "valueField": "endsWith",
                    "enabled": "Y",
                    "orderSeq": 4
                },
                {
                    "lovid": 76004,
                    "lovType": "CONTAINS_VALUES_STRING",
                    "lovCode": "CONTAINS_VALUES_STRING",
                    "description": "Equals",
                    "valueField": "equals",
                    "enabled": "Y",
                    "orderSeq": 5
                },
                {
                    "lovid": 76005,
                    "lovType": "CONTAINS_VALUES_STRING",
                    "lovCode": "CONTAINS_VALUES_STRING",
                    "description": "Is Not Null",
                    "valueField": "isNotNull",
                    "enabled": "Y",
                    "orderSeq": 6
                },
                {
                    "lovid": 76006,
                    "lovType": "CONTAINS_VALUES_STRING",
                    "lovCode": "CONTAINS_VALUES_STRING",
                    "description": "Is Null",
                    "valueField": "isNull",
                    "enabled": "Y",
                    "orderSeq": 7
                },
                {
                    "lovid": 76007,
                    "lovType": "CONTAINS_VALUES_STRING",
                    "lovCode": "CONTAINS_VALUES_STRING",
                    "description": "Starts with",
                    "valueField": "startsWith",
                    "enabled": "Y",
                    "orderSeq": 8
                }
            ]
        },
        {
            "lovGroupType": "CONV_VENDOR",
            "lovItemList": [
                {
                    "lovid": 7000,
                    "lovType": "CONV_VENDOR",
                    "lovCode": "CONV_VENDOR-MHSE",
                    "description": "Aptara",
                    "valueField": null,
                    "enabled": "Y",
                    "orderSeq": 1
                },
                {
                    "lovid": 7001,
                    "lovType": "CONV_VENDOR",
                    "lovCode": "CONV_VENDOR-MHSE",
                    "description": "Laserwords",
                    "valueField": null,
                    "enabled": "Y",
                    "orderSeq": 2
                },
                {
                    "lovid": 7002,
                    "lovType": "CONV_VENDOR",
                    "lovCode": "CONV_VENDOR-MHSE",
                    "description": "MPS",
                    "valueField": null,
                    "enabled": "Y",
                    "orderSeq": 3
                },
                {
                    "lovid": 7003,
                    "lovType": "CONV_VENDOR",
                    "lovCode": "CONV_VENDOR-MHSE",
                    "description": "Quad Graphics",
                    "valueField": null,
                    "enabled": "Y",
                    "orderSeq": 4
                },
                {
                    "lovid": 7004,
                    "lovType": "CONV_VENDOR",
                    "lovCode": "CONV_VENDOR-MHSE",
                    "description": "Other",
                    "valueField": null,
                    "enabled": "Y",
                    "orderSeq": 5
                }
            ]
        },
        {
            "lovGroupType": "COORDINATOR",
            "lovItemList": [
                {
                    "lovid": 10000,
                    "lovType": "COORDINATOR",
                    "lovCode": "COORDINATOR-MHSE",
                    "description": "Andy Backs",
                    "valueField": null,
                    "enabled": "Y",
                    "orderSeq": 1
                },
                {
                    "lovid": 10001,
                    "lovType": "COORDINATOR",
                    "lovCode": "COORDINATOR-MHSE",
                    "description": "April Cleland",
                    "valueField": null,
                    "enabled": "Y",
                    "orderSeq": 2
                },
                {
                    "lovid": 10002,
                    "lovType": "COORDINATOR",
                    "lovCode": "COORDINATOR-MHSE",
                    "description": "Jeff Kemeter",
                    "valueField": null,
                    "enabled": "Y",
                    "orderSeq": 3
                },
                {
                    "lovid": 10003,
                    "lovType": "COORDINATOR",
                    "lovCode": "COORDINATOR-MHSE",
                    "description": "Jessica Solomon",
                    "valueField": null,
                    "enabled": "Y",
                    "orderSeq": 4
                },
                {
                    "lovid": 10004,
                    "lovType": "COORDINATOR",
                    "lovCode": "COORDINATOR-MHSE",
                    "description": "Kristen Silver",
                    "valueField": null,
                    "enabled": "Y",
                    "orderSeq": 5
                },
                {
                    "lovid": 10005,
                    "lovType": "COORDINATOR",
                    "lovCode": "COORDINATOR-MHSE",
                    "description": "Larry Marotta",
                    "valueField": null,
                    "enabled": "Y",
                    "orderSeq": 6
                }
            ]
        },
        {
            "lovGroupType": "DELIVERY_MEDIUM",
            "lovItemList": [
                {
                    "lovid": 13000,
                    "lovType": "DELIVERY_MEDIUM",
                    "lovCode": "DELIVERY_MEDIUM-MHSE",
                    "description": "CD/DVD",
                    "valueField": null,
                    "enabled": "Y",
                    "orderSeq": 1
                },
                {
                    "lovid": 13001,
                    "lovType": "DELIVERY_MEDIUM",
                    "lovCode": "DELIVERY_MEDIUM-MHSE",
                    "description": "Email",
                    "valueField": null,
                    "enabled": "Y",
                    "orderSeq": 2
                },
                {
                    "lovid": 13002,
                    "lovType": "DELIVERY_MEDIUM",
                    "lovCode": "DELIVERY_MEDIUM-MHSE",
                    "description": "External Drive",
                    "valueField": null,
                    "enabled": "Y",
                    "orderSeq": 3
                },
                {
                    "lovid": 13003,
                    "lovType": "DELIVERY_MEDIUM",
                    "lovCode": "DELIVERY_MEDIUM-MHSE",
                    "description": "File Server",
                    "valueField": null,
                    "enabled": "Y",
                    "orderSeq": 4
                },
                {
                    "lovid": 13004,
                    "lovType": "DELIVERY_MEDIUM",
                    "lovCode": "DELIVERY_MEDIUM-MHSE",
                    "description": "FTP",
                    "valueField": null,
                    "enabled": "Y",
                    "orderSeq": 5
                },
                {
                    "lovid": 13005,
                    "lovType": "DELIVERY_MEDIUM",
                    "lovCode": "DELIVERY_MEDIUM-MHSE",
                    "description": "Mass Transit",
                    "valueField": null,
                    "enabled": "Y",
                    "orderSeq": 6
                },
                {
                    "lovid": 13006,
                    "lovType": "DELIVERY_MEDIUM",
                    "lovCode": "DELIVERY_MEDIUM-MHSE",
                    "description": "Sharepoint",
                    "valueField": null,
                    "enabled": "Y",
                    "orderSeq": 7
                }
            ]
        },
        {
            "lovGroupType": "DESC_VENDOR",
            "lovItemList": [
                {
                    "lovid": 16000,
                    "lovType": "DESC_VENDOR",
                    "lovCode": "DESC_VENDOR-MHSE",
                    "description": "Aptara",
                    "valueField": null,
                    "enabled": "Y",
                    "orderSeq": 1
                },
                {
                    "lovid": 16001,
                    "lovType": "DESC_VENDOR",
                    "lovCode": "DESC_VENDOR-MHSE",
                    "description": "Laserwords",
                    "valueField": null,
                    "enabled": "Y",
                    "orderSeq": 2
                },
                {
                    "lovid": 16002,
                    "lovType": "DESC_VENDOR",
                    "lovCode": "DESC_VENDOR-MHSE",
                    "description": "MPS",
                    "valueField": null,
                    "enabled": "Y",
                    "orderSeq": 3
                },
                {
                    "lovid": 16003,
                    "lovType": "DESC_VENDOR",
                    "lovCode": "DESC_VENDOR-MHSE",
                    "description": "Quad Graphics",
                    "valueField": null,
                    "enabled": "Y",
                    "orderSeq": 4
                },
                {
                    "lovid": 16004,
                    "lovType": "DESC_VENDOR",
                    "lovCode": "DESC_VENDOR-MHSE",
                    "description": "Other",
                    "valueField": null,
                    "enabled": "Y",
                    "orderSeq": 5
                }
            ]
        },
        {
            "lovGroupType": "ENDSHEETS",
            "lovItemList": [
                {
                    "lovid": 19000,
                    "lovType": "ENDSHEETS",
                    "lovCode": "ENDSHEETS-MHHE",
                    "description": "Marketing",
                    "valueField": null,
                    "enabled": "Y",
                    "orderSeq": 1
                },
                {
                    "lovid": 19002,
                    "lovType": "ENDSHEETS",
                    "lovCode": "ENDSHEETS-MHHE",
                    "description": "On Download",
                    "valueField": null,
                    "enabled": "Y",
                    "orderSeq": 2
                },
                {
                    "lovid": 19001,
                    "lovType": "ENDSHEETS",
                    "lovCode": "ENDSHEETS-MHHE",
                    "description": "None",
                    "valueField": null,
                    "enabled": "Y",
                    "orderSeq": 3
                },
                {
                    "lovid": 19003,
                    "lovType": "ENDSHEETS",
                    "lovCode": "ENDSHEETS-MHHE",
                    "description": "With Cover",
                    "valueField": null,
                    "enabled": "Y",
                    "orderSeq": 4
                }
            ]
        },
        {
            "lovGroupType": "INSERTS",
            "lovItemList": [
                {
                    "lovid": 22001,
                    "lovType": "INSERTS",
                    "lovCode": "INSERTS-MHHE",
                    "description": "On Download",
                    "valueField": null,
                    "enabled": "Y",
                    "orderSeq": 1
                },
                {
                    "lovid": 22000,
                    "lovType": "INSERTS",
                    "lovCode": "INSERTS-MHHE",
                    "description": "None",
                    "valueField": null,
                    "enabled": "Y",
                    "orderSeq": 2
                },
                {
                    "lovid": 22002,
                    "lovType": "INSERTS",
                    "lovCode": "INSERTS-MHHE",
                    "description": "With Cover",
                    "valueField": null,
                    "enabled": "Y",
                    "orderSeq": 3
                }
            ]
        },
        {
            "lovGroupType": "NIMAS_CRITERIA",
            "lovItemList": [
                {
                    "lovid": 64000,
                    "lovType": "NIMAS_CRITERIA",
                    "lovCode": "NIMAS_CRITERIA_NUMBER",
                    "description": "NIMAS ID",
                    "valueField": "SYSTEMID",
                    "enabled": "Y",
                    "orderSeq": 1
                }
            ]
        },
        {
            "lovGroupType": "OTHERFILES",
            "lovItemList": [
                {
                    "lovid": 25000,
                    "lovType": "OTHERFILES",
                    "lovCode": "OTHERFILES-ALL",
                    "description": "Cover/Design",
                    "valueField": null,
                    "enabled": "Y",
                    "orderSeq": 1
                },
                {
                    "lovid": 25001,
                    "lovType": "OTHERFILES",
                    "lovCode": "OTHERFILES-ALL",
                    "description": "Images",
                    "valueField": null,
                    "enabled": "Y",
                    "orderSeq": 2
                },
                {
                    "lovid": 25002,
                    "lovType": "OTHERFILES",
                    "lovCode": "OTHERFILES-ALL",
                    "description": "None",
                    "valueField": null,
                    "enabled": "Y",
                    "orderSeq": 3
                },
                {
                    "lovid": 25003,
                    "lovType": "OTHERFILES",
                    "lovCode": "OTHERFILES-ALL",
                    "description": "Other",
                    "valueField": null,
                    "enabled": "Y",
                    "orderSeq": 4
                }
            ]
        },
        {
            "lovGroupType": "OWNDIV",
            "lovItemList": [
                {
                    "lovid": 28000,
                    "lovType": "OWNDIV",
                    "lovCode": "OWNDIV-ALL",
                    "description": "AGENCY/DISTRIBUTED",
                    "valueField": null,
                    "enabled": "Y",
                    "orderSeq": 1
                },
                {
                    "lovid": 28001,
                    "lovType": "OWNDIV",
                    "lovCode": "OWNDIV-ALL",
                    "description": "AsiaPac-Australia",
                    "valueField": null,
                    "enabled": "Y",
                    "orderSeq": 2
                },
                {
                    "lovid": 28002,
                    "lovType": "OWNDIV",
                    "lovCode": "OWNDIV-ALL",
                    "description": "AsiaPac-Singapore",
                    "valueField": null,
                    "enabled": "Y",
                    "orderSeq": 3
                },
                {
                    "lovid": 28003,
                    "lovType": "OWNDIV",
                    "lovCode": "OWNDIV-ALL",
                    "description": "COLLEGE",
                    "valueField": null,
                    "enabled": "Y",
                    "orderSeq": 4
                },
                {
                    "lovid": 28004,
                    "lovType": "OWNDIV",
                    "lovCode": "OWNDIV-ALL",
                    "description": "ELEMENTARY",
                    "valueField": null,
                    "enabled": "Y",
                    "orderSeq": 5
                },
                {
                    "lovid": 28005,
                    "lovType": "OWNDIV",
                    "lovCode": "OWNDIV-ALL",
                    "description": "EMEA-Spain",
                    "valueField": null,
                    "enabled": "Y",
                    "orderSeq": 6
                },
                {
                    "lovid": 28006,
                    "lovType": "OWNDIV",
                    "lovCode": "OWNDIV-ALL",
                    "description": "EMEA-UK/Middle East/Africa",
                    "valueField": null,
                    "enabled": "Y",
                    "orderSeq": 7
                },
                {
                    "lovid": 28007,
                    "lovType": "OWNDIV",
                    "lovCode": "OWNDIV-ALL",
                    "description": "ESL/ELT",
                    "valueField": null,
                    "enabled": "Y",
                    "orderSeq": 8
                },
                {
                    "lovid": 28008,
                    "lovType": "OWNDIV",
                    "lovCode": "OWNDIV-ALL",
                    "description": "INTERNATIONAL",
                    "valueField": null,
                    "enabled": "Y",
                    "orderSeq": 9
                },
                {
                    "lovid": 28009,
                    "lovType": "OWNDIV",
                    "lovCode": "OWNDIV-ALL",
                    "description": "Latin America",
                    "valueField": null,
                    "enabled": "Y",
                    "orderSeq": 10
                },
                {
                    "lovid": 28010,
                    "lovType": "OWNDIV",
                    "lovCode": "OWNDIV-ALL",
                    "description": "PROFESSIONAL",
                    "valueField": null,
                    "enabled": "Y",
                    "orderSeq": 11
                },
                {
                    "lovid": 28011,
                    "lovType": "OWNDIV",
                    "lovCode": "OWNDIV-ALL",
                    "description": "RYERSON",
                    "valueField": null,
                    "enabled": "Y",
                    "orderSeq": 12
                },
                {
                    "lovid": 28012,
                    "lovType": "OWNDIV",
                    "lovCode": "OWNDIV-ALL",
                    "description": "SECONDARY",
                    "valueField": null,
                    "enabled": "Y",
                    "orderSeq": 13
                }
            ]
        },
        {
            "lovGroupType": "PAGINGFILES",
            "lovItemList": [
                {
                    "lovid": 31000,
                    "lovType": "PAGINGFILES",
                    "lovCode": "PAGINGFILES-MHHE",
                    "description": "InDesign",
                    "valueField": null,
                    "enabled": "Y",
                    "orderSeq": 1
                },
                {
                    "lovid": 31001,
                    "lovType": "PAGINGFILES",
                    "lovCode": "PAGINGFILES-ALL",
                    "description": "MSWord",
                    "valueField": null,
                    "enabled": "Y",
                    "orderSeq": 2
                },
                {
                    "lovid": 31002,
                    "lovType": "PAGINGFILES",
                    "lovCode": "PAGINGFILES-ALL",
                    "description": "None",
                    "valueField": null,
                    "enabled": "Y",
                    "orderSeq": 3
                },
                {
                    "lovid": 31003,
                    "lovType": "PAGINGFILES",
                    "lovCode": "PAGINGFILES-MHHE",
                    "description": "Quark",
                    "valueField": null,
                    "enabled": "Y",
                    "orderSeq": 4
                },
                {
                    "lovid": 31004,
                    "lovType": "PAGINGFILES",
                    "lovCode": "PAGINGFILES-MHHE",
                    "description": "Tex",
                    "valueField": null,
                    "enabled": "Y",
                    "orderSeq": 5
                },
                {
                    "lovid": 31005,
                    "lovType": "PAGINGFILES",
                    "lovCode": "PAGINGFILES-ALL",
                    "description": "Other",
                    "valueField": null,
                    "enabled": "Y",
                    "orderSeq": 6
                }
            ]
        },
        {
            "lovGroupType": "PDFS",
            "lovItemList": [
                {
                    "lovid": 34000,
                    "lovType": "PDFS",
                    "lovCode": "PDFS-ALL",
                    "description": "Media PDFs",
                    "valueField": null,
                    "enabled": "Y",
                    "orderSeq": 1
                },
                {
                    "lovid": 34001,
                    "lovType": "PDFS",
                    "lovCode": "PDFS-ALL",
                    "description": "Printer PDFs",
                    "valueField": null,
                    "enabled": "Y",
                    "orderSeq": 2
                }
            ]
        },
        {
            "lovGroupType": "REPORT_TYPE",
            "lovItemList": [
                {
                    "lovid": 37000,
                    "lovType": "REPORT_TYPE",
                    "lovCode": "REPORT_TYPE",
                    "description": "Archive_Record",
                    "valueField": null,
                    "enabled": "Y",
                    "orderSeq": 1
                },
                {
                    "lovid": 37001,
                    "lovType": "REPORT_TYPE",
                    "lovCode": "REPORT_TYPE",
                    "description": "Archive_Request",
                    "valueField": null,
                    "enabled": "Y",
                    "orderSeq": 2
                },
                {
                    "lovid": 37002,
                    "lovType": "REPORT_TYPE",
                    "lovCode": "REPORT_TYPE",
                    "description": "Associated",
                    "valueField": null,
                    "enabled": "Y",
                    "orderSeq": 3
                },
                {
                    "lovid": 37003,
                    "lovType": "REPORT_TYPE",
                    "lovCode": "REPORT_TYPE",
                    "description": "NIMAS",
                    "valueField": null,
                    "enabled": "Y",
                    "orderSeq": 4
                }
            ]
        },
        {
            "lovGroupType": "REPRINT_CONTACT",
            "lovItemList": [
                {
                    "lovid": 40000,
                    "lovType": "REPRINT_CONTACT",
                    "lovCode": "REPRINT_CONTACT-MHSE",
                    "description": "Adrienne Searcy",
                    "valueField": null,
                    "enabled": "Y",
                    "orderSeq": 1
                },
                {
                    "lovid": 40001,
                    "lovType": "REPRINT_CONTACT",
                    "lovCode": "REPRINT_CONTACT-MHSE",
                    "description": "Angela Warner",
                    "valueField": null,
                    "enabled": "Y",
                    "orderSeq": 2
                },
                {
                    "lovid": 40002,
                    "lovType": "REPRINT_CONTACT",
                    "lovCode": "REPRINT_CONTACT-MHSE",
                    "description": "Emily Dinsmore",
                    "valueField": null,
                    "enabled": "Y",
                    "orderSeq": 3
                },
                {
                    "lovid": 40003,
                    "lovType": "REPRINT_CONTACT",
                    "lovCode": "REPRINT_CONTACT-MHSE",
                    "description": "Kim Cotter",
                    "valueField": null,
                    "enabled": "Y",
                    "orderSeq": 4
                },
                {
                    "lovid": 40004,
                    "lovType": "REPRINT_CONTACT",
                    "lovCode": "REPRINT_CONTACT-MHSE",
                    "description": "Megan Milano",
                    "valueField": null,
                    "enabled": "Y",
                    "orderSeq": 5
                },
                {
                    "lovid": 40005,
                    "lovType": "REPRINT_CONTACT",
                    "lovCode": "REPRINT_CONTACT-MHSE",
                    "description": "Sara Rutherford",
                    "valueField": null,
                    "enabled": "Y",
                    "orderSeq": 6
                },
                {
                    "lovid": 40006,
                    "lovType": "REPRINT_CONTACT",
                    "lovCode": "REPRINT_CONTACT-MHSE",
                    "description": "Tim Heppner",
                    "valueField": null,
                    "enabled": "Y",
                    "orderSeq": 7
                },
                {
                    "lovid": 40007,
                    "lovType": "REPRINT_CONTACT",
                    "lovCode": "REPRINT_CONTACT-MHSE",
                    "description": "Other",
                    "valueField": null,
                    "enabled": "Y",
                    "orderSeq": 8
                }
            ]
        },
        {
            "lovGroupType": "REQUESTEDFILES",
            "lovItemList": [
                {
                    "lovid": 43000,
                    "lovType": "REQUESTEDFILES",
                    "lovCode": "REQUESTEDFILES-ALL",
                    "description": "Application Files",
                    "valueField": null,
                    "enabled": "Y",
                    "orderSeq": 1
                },
                {
                    "lovid": 43001,
                    "lovType": "REQUESTEDFILES",
                    "lovCode": "REQUESTEDFILES-ALL",
                    "description": "Cover/Design",
                    "valueField": null,
                    "enabled": "Y",
                    "orderSeq": 2
                },
                {
                    "lovid": 43002,
                    "lovType": "REQUESTEDFILES",
                    "lovCode": "REQUESTEDFILES-ALL",
                    "description": "Photo/Art",
                    "valueField": null,
                    "enabled": "Y",
                    "orderSeq": 3
                },
                {
                    "lovid": 43003,
                    "lovType": "REQUESTEDFILES",
                    "lovCode": "REQUESTEDFILES-ALL",
                    "description": "Other",
                    "valueField": null,
                    "enabled": "Y",
                    "orderSeq": 4
                }
            ]
        },
        {
            "lovGroupType": "SEARCH_OPERATORS",
            "lovItemList": [
                {
                    "lovid": 67000,
                    "lovType": "SEARCH_OPERATORS",
                    "lovCode": "SEARCH_OPERATORS",
                    "description": "AND",
                    "valueField": "AND",
                    "enabled": "Y",
                    "orderSeq": 1
                },
                {
                    "lovid": 67001,
                    "lovType": "SEARCH_OPERATORS",
                    "lovCode": "SEARCH_OPERATORS",
                    "description": "OR",
                    "valueField": "OR",
                    "enabled": "Y",
                    "orderSeq": 2
                }
            ]
        },
        {
            "lovGroupType": "SEARCH_TYPE",
            "lovItemList": [
                {
                    "lovid": 46000,
                    "lovType": "SEARCH_TYPE",
                    "lovCode": "SEARCH_TYPE",
                    "description": "Archive_Record",
                    "valueField": null,
                    "enabled": "Y",
                    "orderSeq": 1
                },
                {
                    "lovid": 46001,
                    "lovType": "SEARCH_TYPE",
                    "lovCode": "SEARCH_TYPE",
                    "description": "Archive_Request",
                    "valueField": null,
                    "enabled": "Y",
                    "orderSeq": 2
                },
                {
                    "lovid": 46002,
                    "lovType": "SEARCH_TYPE",
                    "lovCode": "SEARCH_TYPE",
                    "description": "Associated",
                    "valueField": null,
                    "enabled": "Y",
                    "orderSeq": 3
                },
                {
                    "lovid": 46003,
                    "lovType": "SEARCH_TYPE",
                    "lovCode": "SEARCH_TYPE",
                    "description": "NIMAS",
                    "valueField": null,
                    "enabled": "Y",
                    "orderSeq": 4
                }
            ]
        },
        {
            "lovGroupType": "STORAGE_LOCATION",
            "lovItemList": [
                {
                    "lovid": 49000,
                    "lovType": "STORAGE_LOCATION",
                    "lovCode": "STORAGE_LOCATION-ALL",
                    "description": "Cancelled",
                    "valueField": null,
                    "enabled": "Y",
                    "orderSeq": 1
                },
                {
                    "lovid": 49001,
                    "lovType": "STORAGE_LOCATION",
                    "lovCode": "STORAGE_LOCATION-ALL",
                    "description": "CD",
                    "valueField": null,
                    "enabled": "Y",
                    "orderSeq": 2
                },
                {
                    "lovid": 49002,
                    "lovType": "STORAGE_LOCATION",
                    "lovCode": "STORAGE_LOCATION-ALL",
                    "description": "CD & Server",
                    "valueField": null,
                    "enabled": "Y",
                    "orderSeq": 3
                },
                {
                    "lovid": 49003,
                    "lovType": "STORAGE_LOCATION",
                    "lovCode": "STORAGE_LOCATION-ALL",
                    "description": "Core Source",
                    "valueField": null,
                    "enabled": "Y",
                    "orderSeq": 4
                },
                {
                    "lovid": 49004,
                    "lovType": "STORAGE_LOCATION",
                    "lovCode": "STORAGE_LOCATION-ALL",
                    "description": "CRC",
                    "valueField": null,
                    "enabled": "Y",
                    "orderSeq": 5
                },
                {
                    "lovid": 49005,
                    "lovType": "STORAGE_LOCATION",
                    "lovCode": "STORAGE_LOCATION-ALL",
                    "description": "DVD",
                    "valueField": null,
                    "enabled": "Y",
                    "orderSeq": 6
                },
                {
                    "lovid": 49006,
                    "lovType": "STORAGE_LOCATION",
                    "lovCode": "STORAGE_LOCATION-ALL",
                    "description": "File Server",
                    "valueField": null,
                    "enabled": "Y",
                    "orderSeq": 7
                },
                {
                    "lovid": 49007,
                    "lovType": "STORAGE_LOCATION",
                    "lovCode": "STORAGE_LOCATION-ALL",
                    "description": "Hard Drive",
                    "valueField": null,
                    "enabled": "Y",
                    "orderSeq": 8
                },
                {
                    "lovid": 49008,
                    "lovType": "STORAGE_LOCATION",
                    "lovCode": "STORAGE_LOCATION-ALL",
                    "description": "Not Archived",
                    "valueField": null,
                    "enabled": "Y",
                    "orderSeq": 9
                },
                {
                    "lovid": 49009,
                    "lovType": "STORAGE_LOCATION",
                    "lovCode": "STORAGE_LOCATION-ALL",
                    "description": "Package",
                    "valueField": null,
                    "enabled": "Y",
                    "orderSeq": 10
                },
                {
                    "lovid": 49010,
                    "lovType": "STORAGE_LOCATION",
                    "lovCode": "STORAGE_LOCATION-ALL",
                    "description": "Vendor",
                    "valueField": null,
                    "enabled": "Y",
                    "orderSeq": 11
                },
                {
                    "lovid": 49011,
                    "lovType": "STORAGE_LOCATION",
                    "lovCode": "STORAGE_LOCATION-ALL",
                    "description": "VideoTape",
                    "valueField": null,
                    "enabled": "Y",
                    "orderSeq": 12
                },
                {
                    "lovid": 49012,
                    "lovType": "STORAGE_LOCATION",
                    "lovCode": "STORAGE_LOCATION-ALL",
                    "description": "Warehouse",
                    "valueField": null,
                    "enabled": "Y",
                    "orderSeq": 13
                }
            ]
        }
    ],
    "message": "Lov Details Fetched Successfully with enabledFlag==>Y"
}