[
    {
        "lovid": 70000,
        "lovType": "CONTAINS_VALUES_DATE",
        "lovCode": "CONTAINS_VALUES_DATE",
        "description": "Does not equal",
        "valueField": "dNotEquals",
        "enabled": "Y",
        "orderSeq": 1
    },
    {
        "lovid": 70001,
        "lovType": "CONTAINS_VALUES_DATE",
        "lovCode": "CONTAINS_VALUES_DATE",
        "description": "Equals",
        "valueField": "dEquals",
        "enabled": "Y",
        "orderSeq": 2
    },
    {
        "lovid": 70002,
        "lovType": "CONTAINS_VALUES_DATE",
        "lovCode": "CONTAINS_VALUES_DATE",
        "description": "Greater Than",
        "valueField": "dGreaterThan",
        "enabled": "Y",
        "orderSeq": 3
    },
    {
        "lovid": 70003,
        "lovType": "CONTAINS_VALUES_DATE",
        "lovCode": "CONTAINS_VALUES_DATE",
        "description": "Greater Than or Equal To",
        "valueField": "dGreaterThanOrEqualTo",
        "enabled": "Y",
        "orderSeq": 4
    },
    {
        "lovid": 70004,
        "lovType": "CONTAINS_VALUES_DATE",
        "lovCode": "CONTAINS_VALUES_DATE",
        "description": "Is Not Null",
        "valueField": "isNotNull",
        "enabled": "Y",
        "orderSeq": 5
    },
    {
        "lovid": 70005,
        "lovType": "CONTAINS_VALUES_DATE",
        "lovCode": "CONTAINS_VALUES_DATE",
        "description": "Is Null",
        "valueField": "isNull",
        "enabled": "Y",
        "orderSeq": 6
    },
    {
        "lovid": 70006,
        "lovType": "CONTAINS_VALUES_DATE",
        "lovCode": "CONTAINS_VALUES_DATE",
        "description": "Less Than",
        "valueField": "dLessThan",
        "enabled": "Y",
        "orderSeq": 7
    },
    {
        "lovid": 70007,
        "lovType": "CONTAINS_VALUES_DATE",
        "lovCode": "CONTAINS_VALUES_DATE",
        "description": "Less Than or Equal To",
        "valueField": "dLessThanOrEqualTo",
        "enabled": "Y",
        "orderSeq": 8
    }
]