[
    {
        "lovid": 76000,
        "lovType": "CONTAINS_VALUES_STRING",
        "lovCode": "CONTAINS_VALUES_STRING",
        "description": "Contains",
        "valueField": "contains",
        "enabled": "Y",
        "orderSeq": 1
    },
    {
        "lovid": 76001,
        "lovType": "CONTAINS_VALUES_STRING",
        "lovCode": "CONTAINS_VALUES_STRING",
        "description": "Does not contain",
        "valueField": "doesNotContain",
        "enabled": "Y",
        "orderSeq": 2
    },
    {
        "lovid": 76002,
        "lovType": "CONTAINS_VALUES_STRING",
        "lovCode": "CONTAINS_VALUES_STRING",
        "description": "Does not equal",
        "valueField": "notEquals",
        "enabled": "Y",
        "orderSeq": 3
    },
    {
        "lovid": 76003,
        "lovType": "CONTAINS_VALUES_STRING",
        "lovCode": "CONTAINS_VALUES_STRING",
        "description": "Ends with",
        "valueField": "endsWith",
        "enabled": "Y",
        "orderSeq": 4
    },
    {
        "lovid": 76004,
        "lovType": "CONTAINS_VALUES_STRING",
        "lovCode": "CONTAINS_VALUES_STRING",
        "description": "Equals",
        "valueField": "equals",
        "enabled": "Y",
        "orderSeq": 5
    },
    {
        "lovid": 76005,
        "lovType": "CONTAINS_VALUES_STRING",
        "lovCode": "CONTAINS_VALUES_STRING",
        "description": "Is Not Null",
        "valueField": "isNotNull",
        "enabled": "Y",
        "orderSeq": 6
    },
    {
        "lovid": 76006,
        "lovType": "CONTAINS_VALUES_STRING",
        "lovCode": "CONTAINS_VALUES_STRING",
        "description": "Is Null",
        "valueField": "isNull",
        "enabled": "Y",
        "orderSeq": 7
    },
    {
        "lovid": 76007,
        "lovType": "CONTAINS_VALUES_STRING",
        "lovCode": "CONTAINS_VALUES_STRING",
        "description": "Starts with",
        "valueField": "startsWith",
        "enabled": "Y",
        "orderSeq": 8
    }
]