[
    {
        "lovid": 73000,
        "lovType": "CONTAINS_VALUES_NUMBER",
        "lovCode": "CONTAINS_VALUES_NUMBER",
        "description": "Does not equal",
        "valueField": "nNotEquals",
        "enabled": "Y",
        "orderSeq": 1
    },
    {
        "lovid": 73001,
        "lovType": "CONTAINS_VALUES_NUMBER",
        "lovCode": "CONTAINS_VALUES_NUMBER",
        "description": "Equals",
        "valueField": "nEquals",
        "enabled": "Y",
        "orderSeq": 2
    },
    {
        "lovid": 73002,
        "lovType": "CONTAINS_VALUES_NUMBER",
        "lovCode": "CONTAINS_VALUES_NUMBER",
        "description": "Greater Than",
        "valueField": "nGreaterThan",
        "enabled": "Y",
        "orderSeq": 3
    },
    {
        "lovid": 73003,
        "lovType": "CONTAINS_VALUES_NUMBER",
        "lovCode": "CONTAINS_VALUES_NUMBER",
        "description": "Greater Than or Equal To",
        "valueField": "nGreaterThanOrEqualTo",
        "enabled": "Y",
        "orderSeq": 4
    },
    {
        "lovid": 73004,
        "lovType": "CONTAINS_VALUES_NUMBER",
        "lovCode": "CONTAINS_VALUES_NUMBER",
        "description": "Is Not Null",
        "valueField": "isNotNull",
        "enabled": "Y",
        "orderSeq": 5
    },
    {
        "lovid": 73005,
        "lovType": "CONTAINS_VALUES_NUMBER",
        "lovCode": "CONTAINS_VALUES_NUMBER",
        "description": "Is Null",
        "valueField": "isNull",
        "enabled": "Y",
        "orderSeq": 6
    },
    {
        "lovid": 73006,
        "lovType": "CONTAINS_VALUES_NUMBER",
        "lovCode": "CONTAINS_VALUES_NUMBER",
        "description": "Less Than",
        "valueField": "nLessThan",
        "enabled": "Y",
        "orderSeq": 7
    },
    {
        "lovid": 73007,
        "lovType": "CONTAINS_VALUES_NUMBER",
        "lovCode": "CONTAINS_VALUES_NUMBER",
        "description": "Less Than or Equal To",
        "valueField": "nLessThanOrEqualTo",
        "enabled": "Y",
        "orderSeq": 8
    }
]