{
    "succeeded": true,
    "data": {
        "summary": {
            "recordid": 3179636,
            "mhid": "test-mhid",
            "isbn13": "test-isbn",
            "previousISBN": "test-prev",
            "newISBN": "test-new",
            "author": "test-author",
            "title": "testing title 123 testing title 123 testing title 123 testing title 123",
            "edition": 5,
            "priority": "test-hogh",
            "owningDivision": "test-own",
            "owningSubDivision": "test-ownsub",
            "copyrightYear": 2022,
            "boundBookDate": "2022-03-15",
            "permissionEndDate": "2022-03-15",
            "projectOPDate": "2022-03-15",
            "deliveryFormat": "test-format",
            "titleTypeDesc": "test title type desc 123...",
            "gradeRange": "14 - 41",
            "specificMarket": "test-specific",
            "ipubPublishingGroup": "prax_grp_3",
            "ipubProgrammingTitle": "testing prog title - 2",
            "noOfPages": 51,
            "comments": "testing comment;\ntesting api update;\ntesting done by prakriti_de;"
        },
        "details": {
            "archivist": {
                "lovid": 1011,
                "lovType": "ARCHIVIST",
                "lovCode": "ARCHIVIST-MHSE",
                "description": "Jeff Kemeter",
                "valueField": null,
                "enabled": "Y",
                "orderSeq": 12
            },
            "compositorVendor": {
                "lovid": 4002,
                "lovType": "COMPOSITOR_VENDOR",
                "lovCode": "COMPOSITOR_VENDOR-MHHE",
                "description": "Hurix",
                "valueField": null,
                "enabled": "Y",
                "orderSeq": 3
            },
            "downloadDueDate": "2022-02-01",
            "downloadReceivedDate": "2022-02-10",
            "archivedDate": "2022-02-01",
            "storageLocation": {
                "lovid": 49001,
                "lovType": "STORAGE_LOCATION",
                "lovCode": "STORAGE_LOCATION-ALL",
                "description": "CD",
                "valueField": null,
                "enabled": "Y",
                "orderSeq": 2
            },
            "libraryLocation": "testing lib loc 2",
            "printingVersion": 53.39,
            "reprintContact": 40000,
            "inserts": {
                "lovid": 22001,
                "lovType": "INSERTS",
                "lovCode": "INSERTS-MHHE",
                "description": "On Download",
                "valueField": null,
                "enabled": "Y",
                "orderSeq": 1
            },
            "endsheets": {
                "lovid": 19002,
                "lovType": "ENDSHEETS",
                "lovCode": "ENDSHEETS-MHHE",
                "description": "On Download",
                "valueField": null,
                "enabled": "Y",
                "orderSeq": 2
            },
            "pagingFilesList": [
                {
                    "lovid": 31001,
                    "lovType": "PAGINGFILES",
                    "lovCode": "PAGINGFILES-ALL",
                    "description": "MSWord",
                    "valueField": null,
                    "enabled": "Y",
                    "orderSeq": 2,
                    "otherValue": null
                },
                {
                    "lovid": 31003,
                    "lovType": "PAGINGFILES",
                    "lovCode": "PAGINGFILES-MHHE",
                    "description": "Quark",
                    "valueField": null,
                    "enabled": "Y",
                    "orderSeq": 4,
                    "otherValue": null
                },
                {
                    "lovid": 31005,
                    "lovType": "PAGINGFILES",
                    "lovCode": "PAGINGFILES-ALL",
                    "description": "Other",
                    "valueField": null,
                    "enabled": "Y",
                    "orderSeq": 6,
                    "otherValue": "testing Paging files part-2 api"
                }
            ],
            "otherFilesList": [
                {
                    "lovid": 25000,
                    "lovType": "OTHERFILES",
                    "lovCode": "OTHERFILES-ALL",
                    "description": "Cover/Design",
                    "valueField": null,
                    "enabled": "Y",
                    "orderSeq": 1,
                    "otherValue": null
                },
                {
                    "lovid": 25003,
                    "lovType": "OTHERFILES",
                    "lovCode": "OTHERFILES-ALL",
                    "description": "Other",
                    "valueField": null,
                    "enabled": "Y",
                    "orderSeq": 4,
                    "otherValue": "testing Other files part-2 api"
                }
            ],
            "pdfsList": [
                {
                    "lovid": 34000,
                    "lovType": "PDFS",
                    "lovCode": "PDFS-ALL",
                    "description": "Media PDFs",
                    "valueField": null,
                    "enabled": "Y",
                    "orderSeq": 1
                },
                {
                    "lovid": 34001,
                    "lovType": "PDFS",
                    "lovCode": "PDFS-ALL",
                    "description": "Printer PDFs",
                    "valueField": null,
                    "enabled": "Y",
                    "orderSeq": 2
                }
            ],
            "setOfDiscs": 37,
            "discsInSet": 68,
            "discSize": 52,
            "mbgb": "GB",
            "createdDate": "2022-03-15",
            "createdBy": "ARCHOWNER",
            "modifiedDate": "2022-02-02",
            "modifiedBy": "prakriti_de"
        }
    },
    "message": "Record Fetched Successfully with mhid==>test-mhid"
}