[
    {"title":"Variable Scoping"},
    {"title":"Arrow functions"},
    {"title":"Classes"},
    {"title":"Enhanced object literals"},
    {"title":"Template literals"},
    {"title":"Destructuring"},
    {"title":"Default parameters"},
    {"title":"Rest parameter"},
    {"title":"Spread Operator"},
    {"title":"Iterators & For..of"},
    {"title":"Generators"},
    {"title":"Modules"},
    {"title":"Set"},
    {"title":"Weakset"},
    {"title":"Map"},
    {"title":"Weakmap"},
    {"title":"Unicode"},
    {"title":"Proxies"},
    {"title":"Symbols"},
    {"title":"Promises"},
    {"title":"Reflect"},
    {"title":"Binary and Octal"},
    {"title":"Proper Tail calls"},
    {"title":"Array find methods"},
    {"title":"Array includes"},
    {"title":"Exponentiation Operator"},
    {"title":"Async functions"},
    {"title":"Object values"},
    {"title":"Object entries"},
    {"title":"Object property descriptors"},
    {"title":"String padding"},
    {"title":"Shared memory and atomics"},
    {"title":"Trailing commas"},
    {"title":"Async iterators"},
    {"title":"Object rest and spread operators"},
    {"title":"Promise finally"},
    {"title":"Array flat and flatMap"},
    {"title":"Object formEntries"},
    {"title":"String trimStart and trimEnd"},
    {"title":"Symbol description"},
    {"title":"Optional Catch Binding"},
    {"title":"JSON Improvements"},
    {"title":"Array Stable Sort"},
    {"title":"Function.toString()"},
    {"title":"Private Class Variables"},
    {"title":"BigInt"},
    {"title":"Dynamic Import"},
    {"title":"Nullish Coalescing Operator"},
    {"title":"Optional chaining"},
    {"title":"Promise allSettled"},
    {"title":"String matchAll"},
    {"title":"globalThis"},
    {"title":"import.meta"},
    {"title":"for..in order"},
    {"title":"replaceAll"},
    {"title":"promise.any"},
    {"title":"WeakRef"},
    {"title":"Numeric Separators"},
    {"title":"Logical Operators"}       
]