[
    {"question":"What are the possible ways to create objects in JavaScript"},
    {"question":"What is prototype chain"},
    {"question":"What is the difference between Call, Apply and Bind"},
    {"question":"What is JSON and its common operations"},
    {"question":"What is the purpose of the array slice method"},
    {"question":"What is the purpose of the array splice method"},
    {"question":"What is the difference between slice and splice"},
    {"question":"How do you compare Object and Map"},
    {"question":"What is the difference between == and === operators"},
    {"question":"What are lambda or arrow functions"},
    {"question":"What is a first class function"},
    {"question":"What is a first order function"},
    {"question":"What is a higher order function"},
    {"question":"What is a unary function"},
    {"question":"What is the currying function"},
    {"question":"What is a pure function"},
    {"question":"What is the purpose of the let keyword"},
    {"question":"What is the difference between let and var"},
    {"question":"What is the reason to choose the name let as a keyword"},
    {"question":"How do you redeclare variables in switch block without an error"},
    {"question":"What is the Temporal Dead Zone"},
    {"question":"What is IIFE(Immediately Invoked Function Expression)"},
    {"question":"How do you decode or encode a URL in JavaScript?"},
    {"question":"What is memoization"},
    {"question":"What is Hoisting"},
    {"question":"What are classes in ES6"},
    {"question":"What are closures"},
    {"question":"What are modules"},
    {"question":"Why do you need modules"},
    {"question":"What is scope in javascript"},
    {"question":"What is a service worker"},
    {"question":"How do you manipulate DOM using a service worker"},
    {"question":"How do you reuse information across service worker restarts"},
    {"question":"What is IndexedDB"},
    {"question":"What is web storage"},
    {"question":"What is a post message"},
    {"question":"What is a cookie"},
    {"question":"Why do you need a Cookie"},
    {"question":"What are the options in a cookie"},
    {"question":"How do you delete a cookie"},
    {"question":"What are the differences between cookie, local storage and session storage"},
    {"question":"What is the main difference between localStorage and sessionStorage"},
    {"question":"How do you access web storage"},
    {"question":"What are the methods available on session storage"},
    {"question":"What is a storage event and its event handler"},
    {"question":"Why do you need web storage"},
    {"question":"How do you check web storage browser support"},
    {"question":"How do you check web workers browser support"},
    {"question":"Give an example of web worker"},
    {"question":"What are the restrictions of web workers on DOM"},
    {"question":"What is a promise"},
    {"question":"Why do you need a promise"},
    {"question":"What are the three states of promise"},
    {"question":"What is a callback function"},
    {"question":"Why do we need callbacks"},
    {"question":"What is a callback hell"},
    {"question":"What is server-sent events"},
    {"question":"How do you receive server-sent event notifications"},
    {"question":"How do you check browser support for server-sent events"},
    {"question":"What are the events available for server sent events"},
    {"question":"What are the main rules of promise"},
    {"question":"What is callback in callback"},
    {"question":"What is promise chaining"},
    {"question":"What is promise.all"},
    {"question":"What is the purpose of race method in promise"},
    {"question":"What is a strict mode in javascript"},
    {"question":"Why do you need strict mode"},
    {"question":"How do you declare strict mode"},
    {"question":"What is the purpose of double exclamation"},
    {"question":"What is the purpose of delete operator"},
    {"question":"What is typeof operator"},
    {"question":"What is undefined property"},
    {"question":"What is null value"},
    {"question":"What is the difference between null and undefined"},
    {"question":"What is eval"},
    {"question":"What is the difference between window and document"},
    {"question":"How do you access history in javascript"},
    {"question":"How do you detect caps lock key turned on or not"},
    {"question":"What is isNaN"},
    {"question":"What are the differences between undeclared and undefined variables"},
    {"question":"What are global variables"},
    {"question":"What are the problems with global variables"},
    {"question":"What is NaN property"},
    {"question":"What is the purpose of isFinite function"},
    {"question":"What is an event flow"},
    {"question":"What is event bubbling"},
    {"question":"What is event capturing"},
    {"question":"How do you submit a form using JavaScript"},
    {"question":"How do you find operating system details"},
    {"question":"What is the difference between document load and DOMContentLoaded events"},
    {"question":"What is the difference between native, host and user objects"},
    {"question":"What are the tools or techniques used for debugging JavaScript code"},
    {"question":"What are the pros and cons of promises over callbacks"},
    {"question":"What is the difference between an attribute and a property"},
    {"question":"What is same-origin policy"},
    {"question":"What is the purpose of void 0"},
    {"question":"Is JavaScript a compiled or interpreted language"},
    {"question":"Is JavaScript a case-sensitive language"},
    {"question":"Is there any relation between Java and JavaScript"},
    {"question":"What are events"},
    {"question":"Who created javascript"},
    {"question":"What is the use of preventDefault method"},
    {"question":"What is the use of stopPropagation method"},
    {"question":"What are the steps involved in return false"},
    {"question":"What is BOM"},
    {"question":"What is the use of setTimeout"},
    {"question":"What is the use of setInterval"},
    {"question":"Why is JavaScript treated as Single threaded"},
    {"question":"What is an event delegation"},
    {"question":"What is ECMAScript"},
    {"question":"What is JSON"},
    {"question":"What are the syntax rules of JSON"},
    {"question":"What is the purpose JSON stringify"},
    {"question":"How do you parse JSON string"},
    {"question":"Why do you need JSON"},
    {"question":"What are PWAs"},
    {"question":"What is the purpose of clearTimeout method"},
    {"question":"What is the purpose of clearInterval method"},
    {"question":"How do you redirect new page in javascript"},
    {"question":"How do you check whether a string contains a substring"},
    {"question":"How do you validate an email in javascript"},
    {"question":"How do you get the current url with javascript"},
    {"question":"What are the various url properties of location object"},
    {"question":"How do get query string values in javascript"},
    {"question":"How do you check if a key exists in an object"},
    {"question":"How do you loop through or enumerate javascript object"},
    {"question":"How do you test for an empty object"},
    {"question":"What is an arguments object"},
    {"question":"How do you make first letter of the string in an uppercase"},
    {"question":"What are the pros and cons of for loop"},
    {"question":"How do you display the current date in javascript"},
    {"question":"How do you compare two date objects"},
    {"question":"How do you check if a string starts with another string"},
    {"question":"How do you trim a string in javascript"},
    {"question":"How do you add a key value pair in javascript"},
    {"question":"Is the '!--' notation represents a special operator"},
    {"question":"How do you assign default values to variables"},
    {"question":"How do you define multiline strings"},
    {"question":"What is an app shell model"},
    {"question":"Can we define properties for functions"},
    {"question":"What is the way to find the number of parameters expected by a function"},
    {"question":"What is a polyfill"},
    {"question":"What are break and continue statements"},
    {"question":"What are js labels"},
    {"question":"What are the benefits of keeping declarations at the top"},
    {"question":"What are the benefits of initializing variables"},
    {"question":"What are the recommendations to create new object"},
    {"question":"How do you define JSON arrays"},
    {"question":"How do you generate random integers"},
    {"question":"Can you write a random integers function to print integers with in a range"},
    {"question":"What is tree shaking"},
    {"question":"What is the need of tree shaking"},
    {"question":"Is it recommended to use eval"},
    {"question":"What is a Regular Expression"},
    {"question":"What are the string methods available in Regular expression"},
    {"question":"What are modifiers in regular expression"},
    {"question":"What are regular expression patterns"},
    {"question":"What is a RegExp object"},
    {"question":"How do you search a string for a pattern"},
    {"question":"What is the purpose of exec method"},
    {"question":"How do you change style of a HTML element"},
    {"question":"What would be the result of 1+2+'3'"},
    {"question":"What is a debugger statement"},
    {"question":"What is the purpose of breakpoints in debugging"},
    {"question":"Can I use reserved words as identifiers"},
    {"question":"How do you detect a mobile browser"},
    {"question":"How do you detect a mobile browser without regexp"},
    {"question":"How do you get the image width and height using JS"},
    {"question":"How do you make synchronous HTTP request"},
    {"question":"How do you make asynchronous HTTP request"},
    {"question":"How do you convert date to another timezone in javascript"},
    {"question":"What are the properties used to get size of window"},
    {"question":"What is a conditional operator in javascript"},
    {"question":"Can you apply chaining on conditional operator"},
    {"question":"What are the ways to execute javascript after page load"},
    {"question":"What is the difference between proto and prototype"},
    {"question":"Give an example where do you really need semicolon"},
    {"question":"What is a freeze method"},
    {"question":"What is the purpose of freeze method"},
    {"question":"Why do I need to use freeze method"},
    {"question":"How do you detect a browser language preference"},
    {"question":"How to convert string to title case with javascript"},
    {"question":"How do you detect javascript disabled in the page"},
    {"question":"What are various operators supported by javascript"},
    {"question":"What is a rest parameter"},
    {"question":"What happens if you do not use rest parameter as a last argument"},
    {"question":"What are the bitwise operators available in javascript"},
    {"question":"What is a spread operator"},
    {"question":"How do you determine whether object is frozen or not"},
    {"question":"How do you determine two values same or not using object"},
    {"question":"What is the purpose of using object is method"},
    {"question":"How do you copy properties from one object to other"},
    {"question":"What are the applications of assign method"},
    {"question":"What is a proxy object"},
    {"question":"What is the purpose of seal method"},
    {"question":"What are the applications of seal method"},
    {"question":"What are the differences between freeze and seal methods"},
    {"question":"How do you determine if an object is sealed or not"},
    {"question":"How do you get enumerable key and value pairs"},
    {"question":"What is the main difference between Object.values and Object.entries method"},
    {"question":"How can you get the list of keys of any object"},
    {"question":"How do you create an object with prototype"},
    {"question":"What is a WeakSet"},
    {"question":"What are the differences between WeakSet and Set"},
    {"question":"List down the collection of methods available on WeakSet"},
    {"question":"What is a WeakMap"},
    {"question":"What are the differences between WeakMap and Map"},
    {"question":"List down the collection of methods available on WeakMap"},
    {"question":"What is the purpose of uneval"},
    {"question":"How do you encode an URL"},
    {"question":"How do you decode an URL"},
    {"question":"How do you print the contents of web page"},
    {"question":"What is the difference between uneval and eval"},
    {"question":"What is an anonymous function"},
    {"question":"What is the precedence order between local and global variables"},
    {"question":"What are javascript accessors"},
    {"question":"How do you define property on Object constructor"},
    {"question":"What is the difference between get and defineProperty"},
    {"question":"What are the advantages of Getters and Setters"},
    {"question":"Can I add getters and setters using defineProperty method"},
    {"question":"What is the purpose of switch-case"},
    {"question":"What are the conventions to be followed for the usage of swtich case"},
    {"question":"What are primitive data types"},
    {"question":"What are the different ways to access object properties"},
    {"question":"What are the function parameter rules"},
    {"question":"What is an error object"},
    {"question":"When you get a syntax error"},
    {"question":"What are the different error names from error object"},
    {"question":"What are the various statements in error handling"},
    {"question":"What are the two types of loops in javascript"},
    {"question":"What is nodejs"},
    {"question":"What is an Intl object"},
    {"question":"How do you perform language specific date and time formatting"},
    {"question":"What is an Iterator"},
    {"question":"How does synchronous iteration works"},
    {"question":"What is an event loop"},
    {"question":"What is call stack"},
    {"question":"What is an event queue"},
    {"question":"What is a decorator"},
    {"question":"What are the properties of Intl object"},
    {"question":"What is an Unary operator"},
    {"question":"How do you sort elements in an array"},
    {"question":"What is the purpose of compareFunction while sorting arrays"},
    {"question":"How do you reversing an array"},
    {"question":"How do you find min and max value in an array"},
    {"question":"How do you find min and max values without Math functions"},
    {"question":"What is an empty statement and purpose of it"},
    {"question":"How do you get meta data of a module"},
    {"question":"What is a comma operator"},
    {"question":"What is the advantage of a comma operator"},
    {"question":"What is typescript"},
    {"question":"What are the differences between javascript and typescript"},
    {"question":"What are the advantages of typescript over javascript"},
    {"question":"What is an object initializer"},
    {"question":"What is a constructor method"},
    {"question":"What happens if you write constructor more than once in a class"},
    {"question":"How do you call the constructor of a parent class"},
    {"question":"How do you get the prototype of an object"},
    {"question":"What happens If I pass string type for getPrototype method"},
    {"question":"How do you set prototype of one object to another"},
    {"question":"How do you check whether an object can be extendable or not"},
    {"question":"How do you prevent an object to extend"},
    {"question":"What are the different ways to make an object non-extensible"},
    {"question":"How do you define multiple properties on an object"},
    {"question":"What is MEAN in javascript"},
    {"question":"What Is Obfuscation in javascript"},
    {"question":"Why do you need Obfuscation"},
    {"question":"What is Minification"},
    {"question":"What are the advantages of minification"},
    {"question":"What are the differences between Obfuscation and Encryption"},
    {"question":"What are the common tools used for minification"},
    {"question":"How do you perform form validation using javascript"},
    {"question":"How do you perform form validation without javascript"},
    {"question":"What are the DOM methods available for constraint validation"},
    {"question":"What are the available constraint validation DOM properties"},
    {"question":"What are the list of validity properties"},
    {"question":"Give an example usage of rangeOverflow property"},
    {"question":"Is enums feature available in javascript"},
    {"question":"What is an enum"},
    {"question":"How do you list all properties of an object"},
    {"question":"How do you get property descriptors of an object"},
    {"question":"What are the attributes provided by a property descriptor"},
    {"question":"How do you extend classes"},
    {"question":"How do I modify the url without reloading the page"},
    {"question":"How do you check whether an array includes a particular value or not"},
    {"question":"How do you compare scalar arrays"},
    {"question":"How to get the value from get parameters"},
    {"question":"How do you print numbers with commas as thousand separators"},
    {"question":"What is the difference between java and javascript"},
    {"question":"Does javascript supports namespace"},
    {"question":"How do you declare namespace"},
    {"question":"How do you invoke javascript code in an iframe from parent page"},
    {"question":"How do get the timezone offset from date"},
    {"question":"How do you load CSS and JS files dynamically"},
    {"question":"What are the different methods to find HTML elements in DOM"},
    {"question":"What is jQuery"},
    {"question":"What is V8 JavaScript engine"},
    {"question":"Why do we call javascript as dynamic language"},
    {"question":"What is a void operator"},
    {"question":"How to set the cursor to wait"},
    {"question":"How do you create an infinite loop"},
    {"question":"Why do you need to avoid with statement"},
    {"question":"What is the output of below for loops"},
    {"question":"List down some of the features of ES6"},
    {"question":"What is ES6"},
    {"question":"Can I redeclare let and const variables"},
    {"question":"Is const variable makes the value immutable"},
    {"question":"What are default parameters"},
    {"question":"What are template literals"},
    {"question":"How do you write multi-line strings in template literals"},
    {"question":"What are nesting templates"},
    {"question":"What are tagged templates"},
    {"question":"What are raw strings"},
    {"question":"What is destructuring assignment"},
    {"question":"What are default values in destructuring assignment"},
    {"question":"How do you swap variables in destructuring assignment"},
    {"question":"What are enhanced object literals"},
    {"question":"What are dynamic imports"},
    {"question":"What are the use cases for dynamic imports"},
    {"question":"What are typed arrays"},
    {"question":"What are the advantages of module loaders"},
    {"question":"What is collation"},
    {"question":"What is for...of statement"},
    {"question":"What is the output of below spread operator array"},
    {"question":"Is PostMessage secure"},
    {"question":"What are the problems with postmessage target origin as wildcard"},
    {"question":"How do you avoid receiving postMessages from attackers"},
    {"question":"Can I avoid using postMessages completely"},
    {"question":"Is postMessages synchronous"},
    {"question":"What paradigm is Javascript"},
    {"question":"What is the difference between internal and external javascript"},
    {"question":"Is JavaScript faster than server side script"},
    {"question":"How do you get the status of a checkbox"},
    {"question":"What is the purpose of double tilde operator"},
    {"question":"How do you convert character to ASCII code"},
    {"question":"What is ArrayBuffer"},
    {"question":"What is the output of below string expression"},
    {"question":"What is the purpose of Error object"},
    {"question":"What is the purpose of EvalError object"},
    {"question":"What are the list of cases error thrown from non-strict mode to strict mode"},
    {"question":"Do all objects have prototypes"},
    {"question":"What is the difference between a parameter and an argument"},
    {"question":"What is the purpose of some method in arrays"},
    {"question":"How do you combine two or more arrays"},
    {"question":"What is the difference between Shallow and Deep copy"},
    {"question":"How do you create specific number of copies of a string"},
    {"question":"How do you return all matching strings against a regular expression"},
    {"question":"How do you trim a string at the beginning or ending"},
    {"question":"What is the output of below console statement with unary operator"},
    {"question":"Does javascript uses mixins"},
    {"question":"What is a thunk function"},
    {"question":"What are asynchronous thunks"},
    {"question":"What is the output of below function calls"},
    {"question":"How to remove all line breaks from a string"},
    {"question":"What is the difference between reflow and repaint"},
    {"question":"What happens with negating an array"},
    {"question":"What happens if we add two arrays"},
    {"question":"What is the output of prepend additive operator on falsy values"},
    {"question":"How do you create self string using special characters"},
    {"question":"How do you remove falsy values from an array"},
    {"question":"How do you get unique values of an array"},
    {"question":"What is destructuring aliases"},
    {"question":"How do you map the array values without using map method"},
    {"question":"How do you empty an array"},
    {"question":"How do you rounding numbers to certain decimals"},
    {"question":"What is the easiest way to convert an array to an object"},
    {"question":"How do you create an array with some data"},
    {"question":"What are the placeholders from console object"},
    {"question":"Is it possible to add CSS to console messages"},
    {"question":"What is the purpose of dir method of console object"},
    {"question":"Is it possible to debug HTML elements in console"},
    {"question":"How do you display data in a tabular format using console object"},
    {"question":"How do you verify that an argument is a Number or not"},
    {"question":"How do you create copy to clipboard button"},
    {"question":"What is the shortcut to get timestamp"},
    {"question":"How do you flattening multi dimensional arrays"},
    {"question":"What is the easiest multi condition checking"},
    {"question":"How do you capture browser back button"},
    {"question":"How do you disable right click in the web page"},
    {"question":"What are wrapper objects"},
    {"question":"What is AJAX"},
    {"question":"What are the different ways to deal with Asynchronous Code"},
    {"question":"How to cancel a fetch request"},
    {"question":"What is web speech API"},
    {"question":"What is minimum timeout throttling"},
    {"question":"How do you implement zero timeout in modern browsers"},
    {"question":"What are tasks in event loop"},
    {"question":"What are microtasks"},
    {"question":"What are different event loops"},
    {"question":"What is the purpose of queueMicrotask"},
    {"question":"How do you use javascript libraries in typescript file"},
    {"question":"What are the differences between promises and observables"},
    {"question":"What is heap"},
    {"question":"What is an event table"},
    {"question":"What is a microTask queue"},
    {"question":"What is the difference between shim and polyfill"},
    {"question":"How do you detect primitive or non primitive value type"},
    {"question":"What is babel"},
    {"question":"Is Node.js completely single threaded"},
    {"question":"What are the common use cases of observables"},
    {"question":"What is RxJS"},
    {"question":"What is the difference between Function constructor and function declaration"},
    {"question":"What is a Short circuit condition"},
    {"question":"What is the easiest way to resize an array"},
    {"question":"What is an observable"},
    {"question":"What is the difference between function and class declarations"},
    {"question":"What is an async function"},
    {"question":"How do you prevent promises swallowing errors"},
    {"question":"What is deno"},
    {"question":"How do you make an object iterable in javascript"},
    {"question":"What is a Proper Tail Call"},
    {"question":"How do you check an object is a promise or not"},
    {"question":"How to detect if a function is called as constructor"},
    {"question":"What are the differences between arguments object and rest parameter"},
    {"question":"What are the differences between spread operator and rest parameter"},
    {"question":"What are the different kinds of generators"},
    {"question":"What are the built-in iterables"},
    {"question":"What are the differences between for...of and for...in statements"},
    {"question":"How do you define instance and non-instance properties"},
    {"question":"What is the difference between isNaN and Number.isNaN?"},
    {"question":"How to invoke an IIFE without any extra brackets?"},
    {"question":"Is that possible to use expressions in switch cases?"},
    {"question":"What is the easiest way to ignore promise errors?"},
    {"question":"How do style the console output using CSS?"},
    {"question":"What is nullish coalescing operator(??)?"},
    {"question":"How do you group and nest console output?"},
    {"question":"What is the difference between dense and sparse arrays?"},
    {"question":"What are the different ways to create sparse arrays?"},
    {"question":"What is the difference between setTimeout, setImmediate and process.nextTick?"},
    {"question":"How do you reverse an array without modifying original array?"},
    {"question":"How do you create custom HTML element?"},
    {"question":"What is global execution context?"},
    {"question":"What is function execution context?"},
    {"question":"What is debouncing?"},
    {"question":"What is throttling?"}    
]