{
    "succeeded": true,
    "data": [
        {
            "lovGroupType": "ARCHIVIST",
            "lovItemList": [
                {
                    "lovid": 1003,
                    "lovType": "ARCHIVIST",
                    "lovCode": "ARCHIVIST-MHSE",
                    "description": "Andy Backs",
                    "enabled": "Y",
                    "orderSeq": 4
                },
                {
                    "lovid": 1011,
                    "lovType": "ARCHIVIST",
                    "lovCode": "ARCHIVIST-MHSE",
                    "description": "Jeff Kemeter",
                    "enabled": "Y",
                    "orderSeq": 12
                },
                {
                    "lovid": 1012,
                    "lovType": "ARCHIVIST",
                    "lovCode": "ARCHIVIST-MHSE",
                    "description": "Jessica Solomon",
                    "enabled": "Y",
                    "orderSeq": 13
                },
                {
                    "lovid": 1013,
                    "lovType": "ARCHIVIST",
                    "lovCode": "ARCHIVIST-MHHE",
                    "description": "Jodi Gaherty",
                    "enabled": "Y",
                    "orderSeq": 14
                },
                {
                    "lovid": 1014,
                    "lovType": "ARCHIVIST",
                    "lovCode": "ARCHIVIST-MHHE",
                    "description": "Kara Kudronowicz",
                    "enabled": "Y",
                    "orderSeq": 15
                },
                {
                    "lovid": 1017,
                    "lovType": "ARCHIVIST",
                    "lovCode": "ARCHIVIST-MHHE",
                    "description": "Laurie Lenstra",
                    "enabled": "Y",
                    "orderSeq": 18
                },
                {
                    "lovid": 1032,
                    "lovType": "ARCHIVIST",
                    "lovCode": "ARCHIVIST-MHHE",
                    "description": "Tina Flanagan",
                    "enabled": "Y",
                    "orderSeq": 33
                }
            ]
        },
        {
            "lovGroupType": "COMPOSITOR_VENDOR",
            "lovItemList": [
                {
                    "lovid": 4000,
                    "lovType": "COMPOSITOR_VENDOR",
                    "lovCode": "COMPOSITOR_VENDOR-ALL",
                    "description": "Aptara",
                    "enabled": "Y",
                    "orderSeq": 1
                },
                {
                    "lovid": 4001,
                    "lovType": "COMPOSITOR_VENDOR",
                    "lovCode": "COMPOSITOR_VENDOR-MHSE",
                    "description": "Editec",
                    "enabled": "Y",
                    "orderSeq": 2
                },
                {
                    "lovid": 4002,
                    "lovType": "COMPOSITOR_VENDOR",
                    "lovCode": "COMPOSITOR_VENDOR-MHHE",
                    "description": "Hurix",
                    "enabled": "Y",
                    "orderSeq": 3
                },
                {
                    "lovid": 4003,
                    "lovType": "COMPOSITOR_VENDOR",
                    "lovCode": "COMPOSITOR_VENDOR-ALL",
                    "description": "MPS",
                    "enabled": "Y",
                    "orderSeq": 4
                },
                {
                    "lovid": 4004,
                    "lovType": "COMPOSITOR_VENDOR",
                    "lovCode": "COMPOSITOR_VENDOR-MHSE",
                    "description": "SeBue",
                    "enabled": "Y",
                    "orderSeq": 5
                },
                {
                    "lovid": 4005,
                    "lovType": "COMPOSITOR_VENDOR",
                    "lovCode": "COMPOSITOR_VENDOR-ALL",
                    "description": "Other",
                    "enabled": "Y",
                    "orderSeq": 6
                }
            ]
        },
        {
            "lovGroupType": "CONV_VENDOR",
            "lovItemList": [
                {
                    "lovid": 7000,
                    "lovType": "CONV_VENDOR",
                    "lovCode": "CONV_VENDOR-MHSE",
                    "description": "Aptara",
                    "enabled": "Y",
                    "orderSeq": 1
                },
                {
                    "lovid": 7001,
                    "lovType": "CONV_VENDOR",
                    "lovCode": "CONV_VENDOR-MHSE",
                    "description": "Laserwords",
                    "enabled": "Y",
                    "orderSeq": 2
                },
                {
                    "lovid": 7002,
                    "lovType": "CONV_VENDOR",
                    "lovCode": "CONV_VENDOR-MHSE",
                    "description": "MPS",
                    "enabled": "Y",
                    "orderSeq": 3
                },
                {
                    "lovid": 7003,
                    "lovType": "CONV_VENDOR",
                    "lovCode": "CONV_VENDOR-MHSE",
                    "description": "Quad Graphics",
                    "enabled": "Y",
                    "orderSeq": 4
                },
                {
                    "lovid": 7004,
                    "lovType": "CONV_VENDOR",
                    "lovCode": "CONV_VENDOR-MHSE",
                    "description": "Other",
                    "enabled": "Y",
                    "orderSeq": 5
                }
            ]
        },
        {
            "lovGroupType": "COORDINATOR",
            "lovItemList": [
                {
                    "lovid": 10000,
                    "lovType": "COORDINATOR",
                    "lovCode": "COORDINATOR-MHSE",
                    "description": "Andy Backs",
                    "enabled": "Y",
                    "orderSeq": 1
                },
                {
                    "lovid": 10001,
                    "lovType": "COORDINATOR",
                    "lovCode": "COORDINATOR-MHSE",
                    "description": "April Cleland",
                    "enabled": "Y",
                    "orderSeq": 2
                },
                {
                    "lovid": 10002,
                    "lovType": "COORDINATOR",
                    "lovCode": "COORDINATOR-MHSE",
                    "description": "Jeff Kemeter",
                    "enabled": "Y",
                    "orderSeq": 3
                },
                {
                    "lovid": 10003,
                    "lovType": "COORDINATOR",
                    "lovCode": "COORDINATOR-MHSE",
                    "description": "Jessica Solomon",
                    "enabled": "Y",
                    "orderSeq": 4
                },
                {
                    "lovid": 10004,
                    "lovType": "COORDINATOR",
                    "lovCode": "COORDINATOR-MHSE",
                    "description": "Kristen Silver",
                    "enabled": "Y",
                    "orderSeq": 5
                },
                {
                    "lovid": 10005,
                    "lovType": "COORDINATOR",
                    "lovCode": "COORDINATOR-MHSE",
                    "description": "Larry Marotta",
                    "enabled": "Y",
                    "orderSeq": 6
                }
            ]
        },
        {
            "lovGroupType": "DELIVERY_MEDIUM",
            "lovItemList": [
                {
                    "lovid": 13000,
                    "lovType": "DELIVERY_MEDIUM",
                    "lovCode": "DELIVERY_MEDIUM-MHSE",
                    "description": "CD/DVD",
                    "enabled": "Y",
                    "orderSeq": 1
                },
                {
                    "lovid": 13001,
                    "lovType": "DELIVERY_MEDIUM",
                    "lovCode": "DELIVERY_MEDIUM-MHSE",
                    "description": "Email",
                    "enabled": "Y",
                    "orderSeq": 2
                },
                {
                    "lovid": 13002,
                    "lovType": "DELIVERY_MEDIUM",
                    "lovCode": "DELIVERY_MEDIUM-MHSE",
                    "description": "External Drive",
                    "enabled": "Y",
                    "orderSeq": 3
                },
                {
                    "lovid": 13003,
                    "lovType": "DELIVERY_MEDIUM",
                    "lovCode": "DELIVERY_MEDIUM-MHSE",
                    "description": "File Server",
                    "enabled": "Y",
                    "orderSeq": 4
                },
                {
                    "lovid": 13004,
                    "lovType": "DELIVERY_MEDIUM",
                    "lovCode": "DELIVERY_MEDIUM-MHSE",
                    "description": "FTP",
                    "enabled": "Y",
                    "orderSeq": 5
                },
                {
                    "lovid": 13005,
                    "lovType": "DELIVERY_MEDIUM",
                    "lovCode": "DELIVERY_MEDIUM-MHSE",
                    "description": "Mass Transit",
                    "enabled": "Y",
                    "orderSeq": 6
                },
                {
                    "lovid": 13006,
                    "lovType": "DELIVERY_MEDIUM",
                    "lovCode": "DELIVERY_MEDIUM-MHSE",
                    "description": "Sharepoint",
                    "enabled": "Y",
                    "orderSeq": 7
                }
            ]
        },
        {
            "lovGroupType": "DESC_VENDOR",
            "lovItemList": [
                {
                    "lovid": 16000,
                    "lovType": "DESC_VENDOR",
                    "lovCode": "DESC_VENDOR-MHSE",
                    "description": "Aptara",
                    "enabled": "Y",
                    "orderSeq": 1
                },
                {
                    "lovid": 16001,
                    "lovType": "DESC_VENDOR",
                    "lovCode": "DESC_VENDOR-MHSE",
                    "description": "Laserwords",
                    "enabled": "Y",
                    "orderSeq": 2
                },
                {
                    "lovid": 16002,
                    "lovType": "DESC_VENDOR",
                    "lovCode": "DESC_VENDOR-MHSE",
                    "description": "MPS",
                    "enabled": "Y",
                    "orderSeq": 3
                },
                {
                    "lovid": 16003,
                    "lovType": "DESC_VENDOR",
                    "lovCode": "DESC_VENDOR-MHSE",
                    "description": "Quad Graphics",
                    "enabled": "Y",
                    "orderSeq": 4
                },
                {
                    "lovid": 16004,
                    "lovType": "DESC_VENDOR",
                    "lovCode": "DESC_VENDOR-MHSE",
                    "description": "Other",
                    "enabled": "Y",
                    "orderSeq": 5
                }
            ]
        },
        {
            "lovGroupType": "ENDSHEETS",
            "lovItemList": [
                {
                    "lovid": 19000,
                    "lovType": "ENDSHEETS",
                    "lovCode": "ENDSHEETS-MHHE",
                    "description": "Marketing",
                    "enabled": "Y",
                    "orderSeq": 1
                },
                {
                    "lovid": 19002,
                    "lovType": "ENDSHEETS",
                    "lovCode": "ENDSHEETS-MHHE",
                    "description": "On Download",
                    "enabled": "Y",
                    "orderSeq": 2
                },
                {
                    "lovid": 19001,
                    "lovType": "ENDSHEETS",
                    "lovCode": "ENDSHEETS-MHHE",
                    "description": "None",
                    "enabled": "Y",
                    "orderSeq": 3
                },
                {
                    "lovid": 19003,
                    "lovType": "ENDSHEETS",
                    "lovCode": "ENDSHEETS-MHHE",
                    "description": "With Cover",
                    "enabled": "Y",
                    "orderSeq": 4
                }
            ]
        },
        {
            "lovGroupType": "INSERTS",
            "lovItemList": [
                {
                    "lovid": 22001,
                    "lovType": "INSERTS",
                    "lovCode": "INSERTS-MHHE",
                    "description": "On Download",
                    "enabled": "Y",
                    "orderSeq": 1
                },
                {
                    "lovid": 22000,
                    "lovType": "INSERTS",
                    "lovCode": "INSERTS-MHHE",
                    "description": "None",
                    "enabled": "Y",
                    "orderSeq": 2
                },
                {
                    "lovid": 22002,
                    "lovType": "INSERTS",
                    "lovCode": "INSERTS-MHHE",
                    "description": "With Cover",
                    "enabled": "Y",
                    "orderSeq": 3
                }
            ]
        },
        {
            "lovGroupType": "OTHERFILES",
            "lovItemList": [
                {
                    "lovid": 25000,
                    "lovType": "OTHERFILES",
                    "lovCode": "OTHERFILES-ALL",
                    "description": "Cover/Design",
                    "enabled": "Y",
                    "orderSeq": 1
                },
                {
                    "lovid": 25001,
                    "lovType": "OTHERFILES",
                    "lovCode": "OTHERFILES-ALL",
                    "description": "Images",
                    "enabled": "Y",
                    "orderSeq": 2
                },
                {
                    "lovid": 25002,
                    "lovType": "OTHERFILES",
                    "lovCode": "OTHERFILES-ALL",
                    "description": "None",
                    "enabled": "Y",
                    "orderSeq": 3
                },
                {
                    "lovid": 25003,
                    "lovType": "OTHERFILES",
                    "lovCode": "OTHERFILES-ALL",
                    "description": "Other",
                    "enabled": "Y",
                    "orderSeq": 4
                }
            ]
        },
        {
            "lovGroupType": "OWNDIV",
            "lovItemList": [
                {
                    "lovid": 28000,
                    "lovType": "OWNDIV",
                    "lovCode": "OWNDIV-ALL",
                    "description": "AGENCY/DISTRIBUTED",
                    "enabled": "Y",
                    "orderSeq": 1
                },
                {
                    "lovid": 28001,
                    "lovType": "OWNDIV",
                    "lovCode": "OWNDIV-ALL",
                    "description": "AsiaPac-Australia",
                    "enabled": "Y",
                    "orderSeq": 2
                },
                {
                    "lovid": 28002,
                    "lovType": "OWNDIV",
                    "lovCode": "OWNDIV-ALL",
                    "description": "AsiaPac-Singapore",
                    "enabled": "Y",
                    "orderSeq": 3
                },
                {
                    "lovid": 28003,
                    "lovType": "OWNDIV",
                    "lovCode": "OWNDIV-ALL",
                    "description": "COLLEGE",
                    "enabled": "Y",
                    "orderSeq": 4
                },
                {
                    "lovid": 28004,
                    "lovType": "OWNDIV",
                    "lovCode": "OWNDIV-ALL",
                    "description": "ELEMENTARY",
                    "enabled": "Y",
                    "orderSeq": 5
                },
                {
                    "lovid": 28005,
                    "lovType": "OWNDIV",
                    "lovCode": "OWNDIV-ALL",
                    "description": "EMEA-Spain",
                    "enabled": "Y",
                    "orderSeq": 6
                },
                {
                    "lovid": 28006,
                    "lovType": "OWNDIV",
                    "lovCode": "OWNDIV-ALL",
                    "description": "EMEA-UK/Middle East/Africa",
                    "enabled": "Y",
                    "orderSeq": 7
                },
                {
                    "lovid": 28007,
                    "lovType": "OWNDIV",
                    "lovCode": "OWNDIV-ALL",
                    "description": "ESL/ELT",
                    "enabled": "Y",
                    "orderSeq": 8
                },
                {
                    "lovid": 28008,
                    "lovType": "OWNDIV",
                    "lovCode": "OWNDIV-ALL",
                    "description": "INTERNATIONAL",
                    "enabled": "Y",
                    "orderSeq": 9
                },
                {
                    "lovid": 28009,
                    "lovType": "OWNDIV",
                    "lovCode": "OWNDIV-ALL",
                    "description": "Latin America",
                    "enabled": "Y",
                    "orderSeq": 10
                },
                {
                    "lovid": 28010,
                    "lovType": "OWNDIV",
                    "lovCode": "OWNDIV-ALL",
                    "description": "PROFESSIONAL",
                    "enabled": "Y",
                    "orderSeq": 11
                },
                {
                    "lovid": 28011,
                    "lovType": "OWNDIV",
                    "lovCode": "OWNDIV-ALL",
                    "description": "RYERSON",
                    "enabled": "Y",
                    "orderSeq": 12
                },
                {
                    "lovid": 28012,
                    "lovType": "OWNDIV",
                    "lovCode": "OWNDIV-ALL",
                    "description": "SECONDARY",
                    "enabled": "Y",
                    "orderSeq": 13
                }
            ]
        },
        {
            "lovGroupType": "PAGINGFILES",
            "lovItemList": [
                {
                    "lovid": 31000,
                    "lovType": "PAGINGFILES",
                    "lovCode": "PAGINGFILES-MHHE",
                    "description": "InDesign",
                    "enabled": "Y",
                    "orderSeq": 1
                },
                {
                    "lovid": 31001,
                    "lovType": "PAGINGFILES",
                    "lovCode": "PAGINGFILES-ALL",
                    "description": "MSWord",
                    "enabled": "Y",
                    "orderSeq": 2
                },
                {
                    "lovid": 31002,
                    "lovType": "PAGINGFILES",
                    "lovCode": "PAGINGFILES-ALL",
                    "description": "None",
                    "enabled": "Y",
                    "orderSeq": 3
                },
                {
                    "lovid": 31003,
                    "lovType": "PAGINGFILES",
                    "lovCode": "PAGINGFILES-MHHE",
                    "description": "Quark",
                    "enabled": "Y",
                    "orderSeq": 4
                },
                {
                    "lovid": 31004,
                    "lovType": "PAGINGFILES",
                    "lovCode": "PAGINGFILES-MHHE",
                    "description": "Tex",
                    "enabled": "Y",
                    "orderSeq": 5
                },
                {
                    "lovid": 31005,
                    "lovType": "PAGINGFILES",
                    "lovCode": "PAGINGFILES-ALL",
                    "description": "Other",
                    "enabled": "Y",
                    "orderSeq": 6
                }
            ]
        },
        {
            "lovGroupType": "PDFS",
            "lovItemList": [
                {
                    "lovid": 34000,
                    "lovType": "PDFS",
                    "lovCode": "PDFS-ALL",
                    "description": "Media PDFs",
                    "enabled": "Y",
                    "orderSeq": 1
                },
                {
                    "lovid": 34001,
                    "lovType": "PDFS",
                    "lovCode": "PDFS-ALL",
                    "description": "Printer PDFs",
                    "enabled": "Y",
                    "orderSeq": 2
                }
            ]
        },
        {
            "lovGroupType": "REPORT_TYPE",
            "lovItemList": [
                {
                    "lovid": 37000,
                    "lovType": "REPORT_TYPE",
                    "lovCode": "REPORT_TYPE",
                    "description": "Archive Record",
                    "enabled": "Y",
                    "orderSeq": 1
                },
                {
                    "lovid": 37001,
                    "lovType": "REPORT_TYPE",
                    "lovCode": "REPORT_TYPE",
                    "description": "Archive Request",
                    "enabled": "Y",
                    "orderSeq": 2
                },
                {
                    "lovid": 37002,
                    "lovType": "REPORT_TYPE",
                    "lovCode": "REPORT_TYPE",
                    "description": "Associated",
                    "enabled": "Y",
                    "orderSeq": 3
                },
                {
                    "lovid": 37003,
                    "lovType": "REPORT_TYPE",
                    "lovCode": "REPORT_TYPE",
                    "description": "NIMAS",
                    "enabled": "Y",
                    "orderSeq": 4
                }
            ]
        },
        {
            "lovGroupType": "REPRINT_CONTACT",
            "lovItemList": [
                {
                    "lovid": 40000,
                    "lovType": "REPRINT_CONTACT",
                    "lovCode": "REPRINT_CONTACT-MHSE",
                    "description": "Adrienne Searcy",
                    "enabled": "Y",
                    "orderSeq": 1
                },
                {
                    "lovid": 40001,
                    "lovType": "REPRINT_CONTACT",
                    "lovCode": "REPRINT_CONTACT-MHSE",
                    "description": "Angela Warner",
                    "enabled": "Y",
                    "orderSeq": 2
                },
                {
                    "lovid": 40002,
                    "lovType": "REPRINT_CONTACT",
                    "lovCode": "REPRINT_CONTACT-MHSE",
                    "description": "Emily Dinsmore",
                    "enabled": "Y",
                    "orderSeq": 3
                },
                {
                    "lovid": 40003,
                    "lovType": "REPRINT_CONTACT",
                    "lovCode": "REPRINT_CONTACT-MHSE",
                    "description": "Kim Cotter",
                    "enabled": "Y",
                    "orderSeq": 4
                },
                {
                    "lovid": 40004,
                    "lovType": "REPRINT_CONTACT",
                    "lovCode": "REPRINT_CONTACT-MHSE",
                    "description": "Megan Milano",
                    "enabled": "Y",
                    "orderSeq": 5
                },
                {
                    "lovid": 40005,
                    "lovType": "REPRINT_CONTACT",
                    "lovCode": "REPRINT_CONTACT-MHSE",
                    "description": "Sara Rutherford",
                    "enabled": "Y",
                    "orderSeq": 6
                },
                {
                    "lovid": 40006,
                    "lovType": "REPRINT_CONTACT",
                    "lovCode": "REPRINT_CONTACT-MHSE",
                    "description": "Tim Heppner",
                    "enabled": "Y",
                    "orderSeq": 7
                },
                {
                    "lovid": 40007,
                    "lovType": "REPRINT_CONTACT",
                    "lovCode": "REPRINT_CONTACT-MHSE",
                    "description": "Other",
                    "enabled": "Y",
                    "orderSeq": 8
                }
            ]
        },
        {
            "lovGroupType": "REQUESTEDFILES",
            "lovItemList": [
                {
                    "lovid": 43000,
                    "lovType": "REQUESTEDFILES",
                    "lovCode": "REQUESTEDFILES-ALL",
                    "description": "Application Files",
                    "enabled": "Y",
                    "orderSeq": 1
                },
                {
                    "lovid": 43001,
                    "lovType": "REQUESTEDFILES",
                    "lovCode": "REQUESTEDFILES-ALL",
                    "description": "Cover/Design",
                    "enabled": "Y",
                    "orderSeq": 2
                },
                {
                    "lovid": 43002,
                    "lovType": "REQUESTEDFILES",
                    "lovCode": "REQUESTEDFILES-ALL",
                    "description": "Photo/Art",
                    "enabled": "Y",
                    "orderSeq": 3
                },
                {
                    "lovid": 43003,
                    "lovType": "REQUESTEDFILES",
                    "lovCode": "REQUESTEDFILES-ALL",
                    "description": "Other",
                    "enabled": "Y",
                    "orderSeq": 4
                }
            ]
        },
        {
            "lovGroupType": "SEARCH_TYPE",
            "lovItemList": [
                {
                    "lovid": 46000,
                    "lovType": "SEARCH_TYPE",
                    "lovCode": "SEARCH_TYPE",
                    "description": "Archive Record",
                    "enabled": "Y",
                    "orderSeq": 1
                },
                {
                    "lovid": 46001,
                    "lovType": "SEARCH_TYPE",
                    "lovCode": "SEARCH_TYPE",
                    "description": "Archive Request",
                    "enabled": "Y",
                    "orderSeq": 2
                },
                {
                    "lovid": 46002,
                    "lovType": "SEARCH_TYPE",
                    "lovCode": "SEARCH_TYPE",
                    "description": "Associated",
                    "enabled": "Y",
                    "orderSeq": 3
                },
                {
                    "lovid": 46003,
                    "lovType": "SEARCH_TYPE",
                    "lovCode": "SEARCH_TYPE",
                    "description": "NIMAS",
                    "enabled": "Y",
                    "orderSeq": 4
                }
            ]
        },
        {
            "lovGroupType": "STORAGE_LOCATION",
            "lovItemList": [
                {
                    "lovid": 49000,
                    "lovType": "STORAGE_LOCATION",
                    "lovCode": "STORAGE_LOCATION-ALL",
                    "description": "Cancelled",
                    "enabled": "Y",
                    "orderSeq": 1
                },
                {
                    "lovid": 49001,
                    "lovType": "STORAGE_LOCATION",
                    "lovCode": "STORAGE_LOCATION-ALL",
                    "description": "CD",
                    "enabled": "Y",
                    "orderSeq": 2
                },
                {
                    "lovid": 49002,
                    "lovType": "STORAGE_LOCATION",
                    "lovCode": "STORAGE_LOCATION-ALL",
                    "description": "CD & Server",
                    "enabled": "Y",
                    "orderSeq": 3
                },
                {
                    "lovid": 49003,
                    "lovType": "STORAGE_LOCATION",
                    "lovCode": "STORAGE_LOCATION-ALL",
                    "description": "Core Source",
                    "enabled": "Y",
                    "orderSeq": 4
                },
                {
                    "lovid": 49004,
                    "lovType": "STORAGE_LOCATION",
                    "lovCode": "STORAGE_LOCATION-ALL",
                    "description": "CRC",
                    "enabled": "Y",
                    "orderSeq": 5
                },
                {
                    "lovid": 49005,
                    "lovType": "STORAGE_LOCATION",
                    "lovCode": "STORAGE_LOCATION-ALL",
                    "description": "DVD",
                    "enabled": "Y",
                    "orderSeq": 6
                },
                {
                    "lovid": 49006,
                    "lovType": "STORAGE_LOCATION",
                    "lovCode": "STORAGE_LOCATION-ALL",
                    "description": "File Server",
                    "enabled": "Y",
                    "orderSeq": 7
                },
                {
                    "lovid": 49007,
                    "lovType": "STORAGE_LOCATION",
                    "lovCode": "STORAGE_LOCATION-ALL",
                    "description": "Hard Drive",
                    "enabled": "Y",
                    "orderSeq": 8
                },
                {
                    "lovid": 49008,
                    "lovType": "STORAGE_LOCATION",
                    "lovCode": "STORAGE_LOCATION-ALL",
                    "description": "Not Archived",
                    "enabled": "Y",
                    "orderSeq": 9
                },
                {
                    "lovid": 49009,
                    "lovType": "STORAGE_LOCATION",
                    "lovCode": "STORAGE_LOCATION-ALL",
                    "description": "Package",
                    "enabled": "Y",
                    "orderSeq": 10
                },
                {
                    "lovid": 49010,
                    "lovType": "STORAGE_LOCATION",
                    "lovCode": "STORAGE_LOCATION-ALL",
                    "description": "Vendor",
                    "enabled": "Y",
                    "orderSeq": 11
                },
                {
                    "lovid": 49011,
                    "lovType": "STORAGE_LOCATION",
                    "lovCode": "STORAGE_LOCATION-ALL",
                    "description": "VideoTape",
                    "enabled": "Y",
                    "orderSeq": 12
                },
                {
                    "lovid": 49012,
                    "lovType": "STORAGE_LOCATION",
                    "lovCode": "STORAGE_LOCATION-ALL",
                    "description": "Warehouse",
                    "enabled": "Y",
                    "orderSeq": 13
                }
            ]
        }
    ],
    "message": "Lov Details Fetched Successfully with enabledFlag==>Y"
}