{
    "lovGroupType": "SEARCH_TYPE",
    "lovItemList": [
        {
            "lovid": 46000,
            "lovType": "SEARCH_TYPE",
            "lovCode": "SEARCH_TYPE",
            "description": "Archive_Record",
            "valueField": null,
            "enabled": "Y",
            "orderSeq": 1
        },
        {
            "lovid": 46001,
            "lovType": "SEARCH_TYPE",
            "lovCode": "SEARCH_TYPE",
            "description": "Archive_Request",
            "valueField": null,
            "enabled": "Y",
            "orderSeq": 2
        },
        {
            "lovid": 46002,
            "lovType": "SEARCH_TYPE",
            "lovCode": "SEARCH_TYPE",
            "description": "Associated",
            "valueField": null,
            "enabled": "Y",
            "orderSeq": 3
        },
        {
            "lovid": 46003,
            "lovType": "SEARCH_TYPE",
            "lovCode": "SEARCH_TYPE",
            "description": "NIMAS",
            "valueField": null,
            "enabled": "Y",
            "orderSeq": 4
        }
    ]
}