[
    {"question":"What is VueJS"},
    {"question":"What are the major features of VueJS"},
    {"question":"What are the lifecycle methods of VueJS"},
    {"question":"What are the conditional directives"},
    {"question":"What is the difference between v-show and v-if directives"},
    {"question":"What is the purpose of v-for directive?"},
    {"question":"What is vue instance?"},
    {"question":"How do you achieve conditional group of elements?"},
    {"question":"How do you reuse elements with key attribute?"},
    {"question":"Why should not use if and for directives together on the same element?"},
    {"question":"Why do you need to use key attribute on for directive?"},
    {"question":"What are the array detection mutation methods?"},
    {"question":"What are the array detection non mutation methods?"},
    {"question":"What are the caveats of array changes detection?"},
    {"question":"What are the caveats of object changes detection?"},
    {"question":"How do you use for directive with a range?"},
    {"question":"How do you use for directive on template?"},
    {"question":"How do you use event handlers?"},
    {"question":"What are the event modifiers provided by vue?"},
    {"question":"What are key modifiers?"},
    {"question":"How do you define custom key modifier aliases?"},
    {"question":"What are the supported System Modifier Keys?"},
    {"question":"What are the supported Mouse Button Modifiers?"},
    {"question":"How do you implement two way binding?"},
    {"question":"What are the supported modifiers on model?"},
    {"question":"What are components and give an example?"},
    {"question":"What are props?"},
    {"question":"When component needs a single root element?"},
    {"question":"How do you communicate from child to parent using events?"},
    {"question":"How do you implement model on custom input components?"},
    {"question":"What are slots?"},
    {"question":"What is global registration in components?"},
    {"question":"Why do you need local registration?"},
    {"question":"What is the difference between local and global registration in module system?"},
    {"question":"What are possible prop types?"},
    {"question":"What is the data flow followed by props?"},
    {"question":"What are non prop attributes?"},
    {"question":"Describe about validations available for props?"},
    {"question":"How do you customize model directive for a component?"},
    {"question":"What are the possible ways to provide transitions?"},
    {"question":"What is vue router and their features?"},
    {"question":"What are the steps to use vue router and give an example?"},
    {"question":"What is dynamic route matching?"},
    {"question":"How to make router param changes as reactive?"},
    {"question":"What is route matching priority?"},
    {"question":"What are nested routes?"},
    {"question":"What are single file components?"},
    {"question":"Is Single File Components violating separation of concerns?"},
    {"question":"What are the problems solved by Single File Components?"},
    {"question":"What are filters?"},
    {"question":"What are the different ways to create filters?"},
    {"question":"How do you chain filters"},
    {"question":"Is it possible to pass parameters for filters?"},
    {"question":"What are plugins and their various services?"},
    {"question":"How to create a plugin?"},
    {"question":"How to use a plugin?"},
    {"question":"What are mixins?"},
    {"question":"What are global mixins?"},
    {"question":"How do you use mixins in CLI?"},
    {"question":"What are the merging strategies in mixins?"},
    {"question":"What are custom options merging strategies?"},
    {"question":"What are custom directives?"},
    {"question":"How do you register directives locally?"},
    {"question":"What are the hook functions provided by directives?"},
    {"question":"What are the directive Hook Arguments?"},
    {"question":"How do you pass multiple values to a directive?"},
    {"question":"What is function shorthand in directive hooks?"},
    {"question":"What is the benefit of render functions over templates?"},
    {"question":"What is a render function?"},
    {"question":"Explain the structure of createElement with arguments"},
    {"question":"How can you write duplicate virtual nodes in a component?"},
    {"question":"List down the template equivalents in render functions?"},
    {"question":"What are functional components?"},
    {"question":"What are the similarities between VueJS and ReactJS?"},
    {"question":"What is the difference between VueJS and ReactJS?"},
    {"question":"What are the advantages of VueJS over ReactJS?"},
    {"question":"What are the advantages of ReactJS over VueJS?"},
    {"question":"What are the differences between VueJS and Angular?"},
    {"question":"What are dynamic components?"},
    {"question":"What is the purpose of keep alive tag?"},
    {"question":"What are async components?"},
    {"question":"What is the structure of async component factory?"},
    {"question":"What are inline templates?"},
    {"question":"What are X Templates?"},
    {"question":"What are recursive components?"},
    {"question":"How do you resolve circular dependencies between components?"},
    {"question":"How do you make sure vue application is CSP complaint?"},
    {"question":"What is the difference between full and runtime only builds?"},
    {"question":"List down different builds of vuejs?"},
    {"question":"How do you configure vuejs in webpack?"},
    {"question":"What is the purpose of vuejs compiler?"},
    {"question":"What is Dev Tools and its purpose?"},
    {"question":"What is the browser support of VueJS?"},
    {"question":"How do you use various CDNs?"},
    {"question":"How do you force update?"},
    {"question":"What is the purpose of vuejs once directive?"},
    {"question":"How do you access the root instance?"},
    {"question":"List out top 10 organizations using Vuejs?"},
    {"question":"What is the purpose of renderError?"},
    {"question":"How do you access parent instance?"},
    {"question":"What is vuex?"},
    {"question":"What are the major components of State Management Pattern?"},
    {"question":"How do you represent one way data flow in vuex?"},
    {"question":"What is a vuejs loader?"},
    {"question":"How do you configure vue loader in webpack?"},
    {"question":"What are asset url transform rules?"},
    {"question":"How do you work with preprocessors using vue loader?"},
    {"question":"What is scoped CSS?"},
    {"question":"Is it possible to mix both local and global styles?"},
    {"question":"How do you use deep selectors?"},
    {"question":"Is parent styles leaked into child components in scoped css?"},
    {"question":"How do you style dynamic generated content using scoped css?"},
    {"question":"Is CSS modules supported in Vuejs?"},
    {"question":"Can I use runtime builds for all templates?"},
    {"question":"How to use CSS modules in vuejs?"},
    {"question":"Can I use CSS modules for preprocessors?"},
    {"question":"Is it possible to use custom inject name for CSS modules?"},
    {"question":"What is hot reloading in vue loader?"},
    {"question":"What is the default behavior of hot reloading?"},
    {"question":"How do you disable hot reloading explicitly?"},
    {"question":"How do you use hot reloading?"},
    {"question":"What are state preservation rules in hot reloading?"},
    {"question":"How to create functional components using vue loader?"},
    {"question":"How do you access global properties of functional components?"},
    {"question":"How do you perform testing in vuejs?"},
    {"question":"How do you apply linting for css?"},
    {"question":"How do you use eslint plugin?"},
    {"question":"What is the purpose of eslint loader?"},
    {"question":"What is CSS extraction?"},
    {"question":"What are custom blocks?"},
    {"question":"What are the features of stylelint?"},
    {"question":"What are the principles for vuex application structure?"},
    {"question":"Is Vuex supports hot reloading?"},
    {"question":"What is the purpose of hotUpdate API of vuex store?"},
    {"question":"How do you test mutations?"},
    {"question":"How do you test your getters?"},
    {"question":"What is the procedure to run tests in node?"},
    {"question":"What is the procedure to run tests in browser?"},
    {"question":"What is the purpose of strict mode in vuex?"},
    {"question":"Can I use strict mode in production environment?"},
    {"question":"What is vuex plugin?"},
    {"question":"How do you mutate state in plugins?"},
    {"question":"What is vuex store?"},
    {"question":"What are the differences of vuex store and plain global object?"},
    {"question":"What is the reason not to update the state directly?"},
    {"question":"What is Single state tree?"},
    {"question":"How do you install vuex?"},
    {"question":"Do I need promise for vuex?"},
    {"question":"How do you display store state in vue components?"},
    {"question":"How do you inject store into child components?"},
    {"question":"What is mapState helper?"},
    {"question":"How do you combine local computed properties with mapState helper?"},
    {"question":"Do you need to replace entire local state with vuex?"},
    {"question":"What are vuex getters?"},
    {"question":"What is a property style access?"},
    {"question":"What is a method style access?"},
    {"question":"What is mapGetter helper?"},
    {"question":"What are mutations?"},
    {"question":"How do you commit with payload?"},
    {"question":"What is object style commit?"},
    {"question":"What are the caveats with vuex mutations?"},
    {"question":"Why mutations should be synchronous?"},
    {"question":"How do you perform mutations in components?"},
    {"question":"Is it mandatory to use constants for mutation types?"},
    {"question":"How do you perform asynchronous operations?"},
    {"question":"What are differences between mutations and actions?"},
    {"question":"Give an example usage of actions?"},
    {"question":"How do you dispatch actions?"},
    {"question":"Can you dispatch an action using payload or object?"},
    {"question":"Can I use styled components in vuejs?"},
    {"question":"How do you dispatch actions in components?"},
    {"question":"How do you compose actions?"},
    {"question":"What are modules in vuex?"},
    {"question":"What is module local state?"},
    {"question":"What is namespacing in vuex"},
    {"question":"What is the default namespace behavior in vuex?"},
    {"question":"When do you reuse modules?"},
    {"question":"What are the principles enforced by vuex?"},
    {"question":"Can I perform mutations directly in strict mode?"},
    {"question":"How to use model directive with two way computed property?"},
    {"question":"What is Vue CLI?"},
    {"question":"What are the features provided by Vue CLI?"},
    {"question":"What is instant prototyping?"},
    {"question":"How do you create project using Vue CLI?"},
    {"question":"How do you create project using GUI?"},
    {"question":"What are plugins in vue CLI?"},
    {"question":"How do you install plugins in an existing Vue CLI project?"},
    {"question":"How to access local plugins in a project?"},
    {"question":"How do you create UI plugins kind of behavior?"},
    {"question":"What are presets?"},
    {"question":"What is the versioning behavior in preset plugins?"},
    {"question":"How do you allow plugin prompts?"},
    {"question":"What are remote presets?"},
    {"question":"Can I use local presets?"},
    {"question":"What is the purpose of browserslist option?"},
    {"question":"How do you find VueJS version using API?"},
    {"question":"How do you create reactive objects"},
    {"question":"What is the purpose new slot directive?"},
    {"question":"What is the use of compile method?"},
    {"question":"What does nextTick do in VueJS?"},
    {"question":"What is async error handling?"},
    {"question":"What are Dynamic Directive Arguments?"},
    {"question":"What are the drawbacks of dynamic directive arguments?"},
    {"question":"What is the special handling for null values in dynamic directive arguments?"},
    {"question":"Can I use dynamic directive null value for slots?"},
    {"question":"What is Vue I18n plugin?"},
    {"question":"#What are the types of formatting?"},
    {"question":"What is custom formatting?"},
    {"question":"How do you handle Pluralization?"},
    {"question":"How to implement DateTime localization?"},
    {"question":"How do you implement Number localization?"},
    {"question":"How do you perform locale changing"},
    {"question":"What is Lazy loading translations?"},
    {"question":"What is the main difference between method and computed property?"},
    {"question":"What is vuetify?"},
    {"question":"How do you watch for nested data changes?"},
    {"question":"How to trigger watchers on initialization?"},
    {"question":"What is the purpose of comments option?"},
    {"question":"How to identify whether code is running on client or server?"},
    {"question":"How do you watch route object changes?"},
    {"question":"How do you sync current route in vuex store?"},
    {"question":"What are navigation guards in vue router?"},
    {"question":"Can I use computed property in another computed property?"},
    {"question":"How can I use imported constant in template section?"},
    {"question":"Is recommended to use async for computed properties?"},
    {"question":"What happens if you use duplicate field names?"},
    {"question":"Why the component data must be a function?"},
    {"question":"What is the reason for recommendation for multi-word component names?"},
    {"question":"How to use composition API in Vue2.0?"},
    {"question":"What is composition API?"},
    {"question":"What is the best way to re-render a component?"}

]