<?xml version="1.0" encoding="UTF-8"?><ITRETURN:ITR xmlns:ITRETURN="http://incometaxindiaefiling.gov.in/main" xmlns:ITR1FORM="http://incometaxindiaefiling.gov.in/ITR1" xmlns:ITRForm="http://incometaxindiaefiling.gov.in/master" xmlns:xsi="http://www.w3.org/2001/XMLSchema-instance">
<ITR1FORM:ITR1>
  <ITRForm:CreationInfo>
    <ITRForm:SWVersionNo>1.0</ITRForm:SWVersionNo>
    <ITRForm:SWCreatedBy>ELECTROCOM</ITRForm:SWCreatedBy>
    <ITRForm:XMLCreatedBy>EasyOFFICE</ITRForm:XMLCreatedBy>
    <ITRForm:XMLCreationDate>2014-07-15</ITRForm:XMLCreationDate>
    <ITRForm:IntermediaryCity>AHMEDABAD</ITRForm:IntermediaryCity>
  </ITRForm:CreationInfo>
  <ITRForm:Form_ITR1>
     <ITRForm:FormName>ITR-1</ITRForm:FormName>
     <ITRForm:Description>For Indls having Income from Salary, Pension, family pension and Interest</ITRForm:Description>
     <ITRForm:AssessmentYear>2014</ITRForm:AssessmentYear>
     <ITRForm:SchemaVer>Ver1.0</ITRForm:SchemaVer>
     <ITRForm:FormVer>Ver1.0</ITRForm:FormVer>
  </ITRForm:Form_ITR1>
  <ITRForm:PersonalInfo>
     <ITRForm:AssesseeName>
        <ITRForm:SurNameOrOrgName>JIGNESH HASMUKHLAL PATEL</ITRForm:SurNameOrOrgName>
     </ITRForm:AssesseeName>
     <ITRForm:PAN>AQGPP1217J</ITRForm:PAN>
     <ITRForm:Address>
        <ITRForm:ResidenceNo>161/1931</ITRForm:ResidenceNo>
        <ITRForm:ResidenceName>Surya Apartment, Parasnagar</ITRForm:ResidenceName>
        <ITRForm:RoadOrStreet>Naranpura</ITRForm:RoadOrStreet>
        <ITRForm:LocalityOrArea>Naranpura</ITRForm:LocalityOrArea>
        <ITRForm:CityOrTownOrDistrict>AHMEDABAD </ITRForm:CityOrTownOrDistrict>
        <ITRForm:StateCode>11</ITRForm:StateCode>
        <ITRForm:CountryCode>91</ITRForm:CountryCode>
        <ITRForm:PinCode>380013</ITRForm:PinCode>
        <ITRForm:MobileNo>9898550918</ITRForm:MobileNo>
        <ITRForm:EmailAddress>mk_patel5485@yahoo.co.in</ITRForm:EmailAddress>
     </ITRForm:Address>
     <ITRForm:DOB>1984-11-28</ITRForm:DOB>
     <ITRForm:EmployerCategory>OTH</ITRForm:EmployerCategory>
     <ITRForm:Gender>M</ITRForm:Gender>
     <ITRForm:Status>I</ITRForm:Status>
  </ITRForm:PersonalInfo>
  <ITRForm:FilingStatus>
     <ITRForm:DesigOfficerWardorCircle>ITO WARD 7(4) AHMEDABAD</ITRForm:DesigOfficerWardorCircle>
     <ITRForm:ReturnFileSec>11</ITRForm:ReturnFileSec>
     <ITRForm:ReturnType>O</ITRForm:ReturnType>
     <ITRForm:ResidentialStatus>RES</ITRForm:ResidentialStatus>
     <ITRForm:TaxStatus>NT</ITRForm:TaxStatus>
     <ITRForm:PortugeseCC5A>N</ITRForm:PortugeseCC5A>
  </ITRForm:FilingStatus>
  <ITRForm:ITR1_IncomeDeductions>
     <ITRForm:IncomeFromSal>379290</ITRForm:IncomeFromSal>
     <ITRForm:TotalIncomeOfHP>0</ITRForm:TotalIncomeOfHP>
     <ITRForm:IncomeOthSrc>657</ITRForm:IncomeOthSrc>
     <ITRForm:GrossTotIncome>379947</ITRForm:GrossTotIncome>
     <ITRForm:UsrDeductUndChapVIA>
        <ITRForm:Section80C>78423</ITRForm:Section80C>
        <ITRForm:Section80CCC>0</ITRForm:Section80CCC>
        <ITRForm:Section80CCDEmployeeOrSE>0</ITRForm:Section80CCDEmployeeOrSE>
        <ITRForm:Section80CCDEmployer>0</ITRForm:Section80CCDEmployer>
        <ITRForm:Section80D>0</ITRForm:Section80D>
        <ITRForm:Section80DD>0</ITRForm:Section80DD>
        <ITRForm:Section80DDB>0</ITRForm:Section80DDB>
        <ITRForm:Section80E>0</ITRForm:Section80E>
        <ITRForm:Section80EE>0</ITRForm:Section80EE>
        <ITRForm:Section80G>0</ITRForm:Section80G>
        <ITRForm:Section80GG>0</ITRForm:Section80GG>
        <ITRForm:Section80GGA>0</ITRForm:Section80GGA>
        <ITRForm:Section80GGC>0</ITRForm:Section80GGC>
        <ITRForm:Section80U>0</ITRForm:Section80U>
        <ITRForm:Section80RRB>0</ITRForm:Section80RRB>
        <ITRForm:Section80QQB>0</ITRForm:Section80QQB>
        <ITRForm:Section80CCG>0</ITRForm:Section80CCG>
        <ITRForm:Section80TTA>657</ITRForm:Section80TTA>
        <ITRForm:TotalChapVIADeductions>79080</ITRForm:TotalChapVIADeductions>
     </ITRForm:UsrDeductUndChapVIA>
     <ITRForm:DeductUndChapVIA>
        <ITRForm:Section80C>78423</ITRForm:Section80C>
        <ITRForm:Section80CCC>0</ITRForm:Section80CCC>
        <ITRForm:Section80CCDEmployeeOrSE>0</ITRForm:Section80CCDEmployeeOrSE>
        <ITRForm:Section80CCDEmployer>0</ITRForm:Section80CCDEmployer>
        <ITRForm:Section80D>0</ITRForm:Section80D>
        <ITRForm:Section80DD>0</ITRForm:Section80DD>
        <ITRForm:Section80DDB>0</ITRForm:Section80DDB>
        <ITRForm:Section80E>0</ITRForm:Section80E>
        <ITRForm:Section80EE>0</ITRForm:Section80EE>
        <ITRForm:Section80G>0</ITRForm:Section80G>
        <ITRForm:Section80GG>0</ITRForm:Section80GG>
        <ITRForm:Section80GGA>0</ITRForm:Section80GGA>
        <ITRForm:Section80GGC>0</ITRForm:Section80GGC>
        <ITRForm:Section80U>0</ITRForm:Section80U>
        <ITRForm:Section80RRB>0</ITRForm:Section80RRB>
        <ITRForm:Section80QQB>0</ITRForm:Section80QQB>
        <ITRForm:Section80CCG>0</ITRForm:Section80CCG>
        <ITRForm:Section80TTA>657</ITRForm:Section80TTA>
        <ITRForm:TotalChapVIADeductions>79080</ITRForm:TotalChapVIADeductions>
     </ITRForm:DeductUndChapVIA>
     <ITRForm:TotalIncome>300867</ITRForm:TotalIncome>
  </ITRForm:ITR1_IncomeDeductions>
  <ITRForm:ITR1_TaxComputation>
     <ITRForm:TotalTaxPayable>9087</ITRForm:TotalTaxPayable>
     <ITRForm:Rebate87A>2000</ITRForm:Rebate87A>
     <ITRForm:TaxPayableOnRebate>7087</ITRForm:TaxPayableOnRebate>
     <ITRForm:SurchargeOnAboveCrore>0</ITRForm:SurchargeOnAboveCrore>
     <ITRForm:EducationCess>213</ITRForm:EducationCess>
     <ITRForm:GrossTaxLiability>7300</ITRForm:GrossTaxLiability>
     <ITRForm:Section89>0</ITRForm:Section89>
     <ITRForm:NetTaxLiability>7300</ITRForm:NetTaxLiability>
         <ITRForm:TotalIntrstPay>0</ITRForm:TotalIntrstPay>
     <ITRForm:IntrstPay>
         <ITRForm:IntrstPayUs234A>0</ITRForm:IntrstPayUs234A>
         <ITRForm:IntrstPayUs234B>0</ITRForm:IntrstPayUs234B>
         <ITRForm:IntrstPayUs234C>0</ITRForm:IntrstPayUs234C>
     </ITRForm:IntrstPay>
     <ITRForm:TotTaxPlusIntrstPay>7300</ITRForm:TotTaxPlusIntrstPay>
  </ITRForm:ITR1_TaxComputation>
      <ITRForm:TaxPaid>
        <ITRForm:TaxesPaid>
          <ITRForm:AdvanceTax>0</ITRForm:AdvanceTax>
          <ITRForm:TDS>7300</ITRForm:TDS>
          <ITRForm:SelfAssessmentTax>0</ITRForm:SelfAssessmentTax>
          <ITRForm:TotalTaxesPaid>7300</ITRForm:TotalTaxesPaid>
        </ITRForm:TaxesPaid>
        <ITRForm:BalTaxPayable>0</ITRForm:BalTaxPayable>
      </ITRForm:TaxPaid>
      <ITRForm:Refund>
        <ITRForm:RefundDue>0</ITRForm:RefundDue>
        <ITRForm:BankAccountNumber>118301505732</ITRForm:BankAccountNumber>
        <ITRForm:DepositToBankAccount>
          <ITRForm:IFSCCode>ICIC0001183</ITRForm:IFSCCode>
          <ITRForm:BankAccountType>SAV</ITRForm:BankAccountType>
        </ITRForm:DepositToBankAccount>
      </ITRForm:Refund>
    <ITRForm:TDSonSalaries>
      <ITRForm:TDSonSalary>
        <ITRForm:EmployerOrDeductorOrCollectDetl>
          <ITRForm:TAN>PNEC05358D</ITRForm:TAN>
          <ITRForm:EmployerOrDeductorOrCollecterName>CYBAGE SOFTWARE PRIVATE LIMITED</ITRForm:EmployerOrDeductorOrCollecterName>
        </ITRForm:EmployerOrDeductorOrCollectDetl>
        <ITRForm:IncChrgSal>47665</ITRForm:IncChrgSal>
        <ITRForm:TotalTDSSal>615</ITRForm:TotalTDSSal>
      </ITRForm:TDSonSalary>
      <ITRForm:TDSonSalary>
        <ITRForm:EmployerOrDeductorOrCollectDetl>
          <ITRForm:TAN>PNEC05358D</ITRForm:TAN>
          <ITRForm:EmployerOrDeductorOrCollecterName>CYBAGE SOFTWARE PRIVATE LIMITED</ITRForm:EmployerOrDeductorOrCollecterName>
        </ITRForm:EmployerOrDeductorOrCollectDetl>
        <ITRForm:IncChrgSal>32665</ITRForm:IncChrgSal>
        <ITRForm:TotalTDSSal>594</ITRForm:TotalTDSSal>
      </ITRForm:TDSonSalary>
      <ITRForm:TDSonSalary>
        <ITRForm:EmployerOrDeductorOrCollectDetl>
          <ITRForm:TAN>PNEC05358D</ITRForm:TAN>
          <ITRForm:EmployerOrDeductorOrCollecterName>CYBAGE SOFTWARE PRIVATE LIMITED</ITRForm:EmployerOrDeductorOrCollecterName>
        </ITRForm:EmployerOrDeductorOrCollectDetl>
        <ITRForm:IncChrgSal>37290</ITRForm:IncChrgSal>
        <ITRForm:TotalTDSSal>595</ITRForm:TotalTDSSal>
      </ITRForm:TDSonSalary>
      <ITRForm:TDSonSalary>
        <ITRForm:EmployerOrDeductorOrCollectDetl>
          <ITRForm:TAN>PNEC05358D</ITRForm:TAN>
          <ITRForm:EmployerOrDeductorOrCollecterName>CYBAGE SOFTWARE PRIVATE LIMITED</ITRForm:EmployerOrDeductorOrCollecterName>
        </ITRForm:EmployerOrDeductorOrCollectDetl>
        <ITRForm:IncChrgSal>32665</ITRForm:IncChrgSal>
        <ITRForm:TotalTDSSal>232</ITRForm:TotalTDSSal>
      </ITRForm:TDSonSalary>
      <ITRForm:TDSonSalary>
        <ITRForm:EmployerOrDeductorOrCollectDetl>
          <ITRForm:TAN>PNEC05358D</ITRForm:TAN>
          <ITRForm:EmployerOrDeductorOrCollecterName>CYBAGE SOFTWARE PRIVATE LIMITED</ITRForm:EmployerOrDeductorOrCollecterName>
        </ITRForm:EmployerOrDeductorOrCollectDetl>
        <ITRForm:IncChrgSal>32665</ITRForm:IncChrgSal>
        <ITRForm:TotalTDSSal>237</ITRForm:TotalTDSSal>
      </ITRForm:TDSonSalary>
      <ITRForm:TDSonSalary>
        <ITRForm:EmployerOrDeductorOrCollectDetl>
          <ITRForm:TAN>PNEC05358D</ITRForm:TAN>
          <ITRForm:EmployerOrDeductorOrCollecterName>CYBAGE SOFTWARE PRIVATE LIMITED</ITRForm:EmployerOrDeductorOrCollecterName>
        </ITRForm:EmployerOrDeductorOrCollectDetl>
        <ITRForm:IncChrgSal>32665</ITRForm:IncChrgSal>
        <ITRForm:TotalTDSSal>214</ITRForm:TotalTDSSal>
      </ITRForm:TDSonSalary>
      <ITRForm:TDSonSalary>
        <ITRForm:EmployerOrDeductorOrCollectDetl>
          <ITRForm:TAN>PNEC05358D</ITRForm:TAN>
          <ITRForm:EmployerOrDeductorOrCollecterName>CYBAGE SOFTWARE PRIVATE LIMITED</ITRForm:EmployerOrDeductorOrCollecterName>
        </ITRForm:EmployerOrDeductorOrCollectDetl>
        <ITRForm:IncChrgSal>32665</ITRForm:IncChrgSal>
        <ITRForm:TotalTDSSal>214</ITRForm:TotalTDSSal>
      </ITRForm:TDSonSalary>
      <ITRForm:TDSonSalary>
        <ITRForm:EmployerOrDeductorOrCollectDetl>
          <ITRForm:TAN>PNEC05358D</ITRForm:TAN>
          <ITRForm:EmployerOrDeductorOrCollecterName>CYBAGE SOFTWARE PRIVATE LIMITED</ITRForm:EmployerOrDeductorOrCollecterName>
        </ITRForm:EmployerOrDeductorOrCollectDetl>
        <ITRForm:IncChrgSal>32665</ITRForm:IncChrgSal>
        <ITRForm:TotalTDSSal>214</ITRForm:TotalTDSSal>
      </ITRForm:TDSonSalary>
      <ITRForm:TDSonSalary>
        <ITRForm:EmployerOrDeductorOrCollectDetl>
          <ITRForm:TAN>PNEC05358D</ITRForm:TAN>
          <ITRForm:EmployerOrDeductorOrCollecterName>CYBAGE SOFTWARE PRIVATE LIMITED</ITRForm:EmployerOrDeductorOrCollecterName>
        </ITRForm:EmployerOrDeductorOrCollectDetl>
        <ITRForm:IncChrgSal>32665</ITRForm:IncChrgSal>
        <ITRForm:TotalTDSSal>214</ITRForm:TotalTDSSal>
      </ITRForm:TDSonSalary>
      <ITRForm:TDSonSalary>
        <ITRForm:EmployerOrDeductorOrCollectDetl>
          <ITRForm:TAN>PNEC05358D</ITRForm:TAN>
          <ITRForm:EmployerOrDeductorOrCollecterName>CYBAGE SOFTWARE PRIVATE LIMITED</ITRForm:EmployerOrDeductorOrCollecterName>
        </ITRForm:EmployerOrDeductorOrCollectDetl>
        <ITRForm:IncChrgSal>32665</ITRForm:IncChrgSal>
        <ITRForm:TotalTDSSal>214</ITRForm:TotalTDSSal>
      </ITRForm:TDSonSalary>
      <ITRForm:TDSonSalary>
        <ITRForm:EmployerOrDeductorOrCollectDetl>
          <ITRForm:TAN>PNEC05358D</ITRForm:TAN>
          <ITRForm:EmployerOrDeductorOrCollecterName>CYBAGE SOFTWARE PRIVATE LIMITED</ITRForm:EmployerOrDeductorOrCollecterName>
        </ITRForm:EmployerOrDeductorOrCollectDetl>
        <ITRForm:IncChrgSal>32665</ITRForm:IncChrgSal>
        <ITRForm:TotalTDSSal>214</ITRForm:TotalTDSSal>
      </ITRForm:TDSonSalary>
      <ITRForm:TDSonSalary>
        <ITRForm:EmployerOrDeductorOrCollectDetl>
          <ITRForm:TAN>PNEC05358D</ITRForm:TAN>
          <ITRForm:EmployerOrDeductorOrCollecterName>CYBAGE SOFTWARE PRIVATE LIMITED</ITRForm:EmployerOrDeductorOrCollecterName>
        </ITRForm:EmployerOrDeductorOrCollectDetl>
        <ITRForm:IncChrgSal>66929</ITRForm:IncChrgSal>
        <ITRForm:TotalTDSSal>3743</ITRForm:TotalTDSSal>
      </ITRForm:TDSonSalary>
    </ITRForm:TDSonSalaries>
  <ITR1FORM:TaxExmpIntInc>0</ITR1FORM:TaxExmpIntInc>
  <ITRForm:Verification>
    <ITRForm:Declaration>
      <ITRForm:AssesseeVerName>JIGNESH HASMUKHLAL PATEL</ITRForm:AssesseeVerName>
      <ITRForm:FatherName>HASMUKHLAL J PATEL</ITRForm:FatherName>
      <ITRForm:AssesseeVerPAN>AQGPP1217J</ITRForm:AssesseeVerPAN>
    </ITRForm:Declaration>
    <ITRForm:Place>AHMEDABAD</ITRForm:Place>
    <ITRForm:Date>2014-07-15</ITRForm:Date>
  </ITRForm:Verification>
</ITR1FORM:ITR1>
</ITRETURN:ITR>
